學校代碼,學校名稱,日間∕進修別,等級別,一年級男生,一年級女生,二年級男生,二年級女生,三年級男生,三年級女生,四年級男生,四年級女生,五年級男生,五年級女生,六年級男生,六年級女生,七年級男生,七年級女生,延修生男生,延修生女生,縣市名稱,體系別
0001,國立政治大學,D 日,D 博士,90,82,102,59,85,58,69,62,66,54,72,37,81,35,0,0,30 臺北市,1 一般
0001,國立政治大學,D 日,M 碩士,685,760,571,699,369,456,221,267,0,0,0,0,0,0,0,0,30 臺北市,1 一般
0001,國立政治大學,D 日,B 學士,897,1299,888,1348,997,1226,858,1372,0,0,0,0,0,0,294,453,30 臺北市,1 一般
0001,國立政治大學,N 職,M 碩士,295,278,264,280,163,185,99,78,50,49,0,0,0,0,0,0,30 臺北市,1 一般
0002,國立清華大學,D 日,D 博士,220,77,211,83,196,58,183,59,138,43,119,45,186,69,0,0,18 新竹市,1 一般
0002,國立清華大學,D 日,M 碩士,1268,714,1201,630,452,292,170,202,3,11,6,6,0,0,0,0,18 新竹市,1 一般
0002,國立清華大學,D 日,B 學士,1091,944,1164,1003,1110,1044,1108,971,0,0,0,0,0,0,264,161,18 新竹市,1 一般
0002,國立清華大學,D 日,X 4+X,21,11,0,0,0,0,0,0,0,0,0,0,0,0,0,0,18 新竹市,1 一般
0002,國立清華大學,N 職,M 碩士,176,233,134,218,47,100,25,58,19,27,13,20,9,51,0,0,18 新竹市,1 一般
0003,國立臺灣大學,D 日,D 博士,413,187,427,167,385,176,365,138,299,135,290,109,363,162,0,0,30 臺北市,1 一般
0003,國立臺灣大學,D 日,M 碩士,2483,1572,2312,1417,914,626,479,398,0,0,0,0,0,0,0,0,30 臺北市,1 一般
0003,國立臺灣大學,D 日,B 學士,2096,1642,2124,1651,2086,1614,1977,1589,157,90,136,54,103,30,714,494,30 臺北市,1 一般
0003,國立臺灣大學,N 職,M 碩士,345,191,276,176,176,83,52,19,30,14,51,14,0,0,0,0,30 臺北市,1 一般
0003,國立臺灣大學,P 進,B 學士,0,0,0,0,0,0,0,0,0,0,0,0,0,0,1,0,30 臺北市,1 一般
0004,國立臺灣師範大學,D 日,D 博士,131,123,101,111,121,120,105,101,90,97,85,68,78,62,0,0,30 臺北市,3 師範
0004,國立臺灣師範大學,D 日,M 碩士,590,756,550,716,302,516,193,333,0,0,0,0,0,0,0,0,30 臺北市,3 師範
0004,國立臺灣師範大學,D 日,B 學士,866,1067,863,1094,836,1055,757,1033,0,0,0,0,0,0,262,252,30 臺北市,3 師範
0004,國立臺灣師範大學,N 職,M 碩士,189,421,179,405,70,225,84,189,31,94,31,74,0,0,0,0,30 臺北市,3 師範
0005,國立成功大學,D 日,D 博士,248,112,195,92,206,77,170,79,161,61,142,69,165,56,0,0,21 臺南市,1 一般
0005,國立成功大學,D 日,M 碩士,1865,1035,1673,971,464,319,132,127,4,5,0,0,0,0,0,0,21 臺南市,1 一般
0005,國立成功大學,D 日,B 學士,1691,1026,1713,1039,1656,968,1602,956,48,27,54,21,43,35,403,199,21 臺南市,1 一般
0005,國立成功大學,N 職,M 碩士,290,186,243,171,183,91,84,29,55,11,0,0,0,0,0,0,21 臺南市,1 一般
0006,國立中興大學,D 日,D 博士,100,53,108,42,95,38,100,40,90,33,78,31,132,49,0,0,19 臺中市,1 一般
0006,國立中興大學,D 日,M 碩士,850,555,808,525,246,165,88,78,2,4,0,0,0,0,0,0,19 臺中市,1 一般
0006,國立中興大學,D 日,B 學士,1108,806,1124,799,1165,814,1073,788,40,32,0,0,0,0,223,101,19 臺中市,1 一般
0006,國立中興大學,N 職,M 碩士,350,192,324,187,147,60,100,49,107,28,0,0,0,0,0,0,19 臺中市,1 一般
0006,國立中興大學,P 進,B 學士,79,122,101,114,82,127,78,114,46,62,0,0,0,0,15,10,19 臺中市,1 一般
0007,國立交通大學,D 日,D 博士,273,78,244,43,189,66,182,48,166,34,134,26,171,47,0,0,18 新竹市,1 一般
0007,國立交通大學,D 日,M 碩士,1431,670,1349,615,812,307,223,135,0,1,0,0,0,0,0,0,18 新竹市,1 一般
0007,國立交通大學,D 日,B 學士,902,411,924,411,932,380,900,400,0,0,0,0,0,0,157,38,18 新竹市,1 一般
0007,國立交通大學,N 職,M 碩士,347,169,316,161,175,58,80,34,111,19,0,0,0,0,0,0,18 新竹市,1 一般
0008,國立中央大學,D 日,D 博士,145,58,148,60,108,46,102,38,84,24,79,15,94,33,0,0,03 桃園市,1 一般
0008,國立中央大學,D 日,M 碩士,989,496,908,462,314,151,78,49,0,1,0,0,0,0,0,0,03 桃園市,1 一般
0008,國立中央大學,D 日,B 學士,972,531,949,532,934,524,904,540,0,0,0,0,0,0,158,73,03 桃園市,1 一般
0008,國立中央大學,N 職,M 碩士,286,209,311,165,123,66,71,33,40,21,0,0,0,0,0,0,03 桃園市,1 一般
0009,國立中山大學,D 日,D 博士,101,49,102,35,81,38,68,34,79,29,54,35,60,33,0,0,50 高雄市,1 一般
0009,國立中山大學,D 日,M 碩士,756,416,684,394,261,186,117,87,0,0,0,0,0,0,0,0,50 高雄市,1 一般
0009,國立中山大學,D 日,B 學士,713,394,689,439,695,427,684,452,0,0,0,0,0,0,171,76,50 高雄市,1 一般
0009,國立中山大學,N 職,M 碩士,220,200,192,166,63,73,47,66,0,0,0,0,0,0,0,0,50 高雄市,1 一般
0012,國立臺灣海洋大學,D 日,D 博士,46,19,41,8,28,15,33,6,18,7,16,4,41,10,0,0,17 基隆市,1 一般
0012,國立臺灣海洋大學,D 日,M 碩士,389,209,354,178,134,58,28,20,10,6,5,2,0,0,0,0,17 基隆市,1 一般
0012,國立臺灣海洋大學,D 日,B 學士,978,442,945,433,970,410,927,423,0,0,0,0,0,0,166,43,17 基隆市,1 一般
0012,國立臺灣海洋大學,N 職,M 碩士,117,81,146,87,54,32,16,11,13,3,2,1,2,1,0,0,17 基隆市,1 一般
0012,國立臺灣海洋大學,N 修,X 4+X,63,11,68,17,0,0,0,0,0,0,0,0,0,0,2,0,17 基隆市,1 一般
0012,國立臺灣海洋大學,P 進,B 學士,58,51,67,53,70,51,53,51,0,0,0,0,0,0,29,20,17 基隆市,1 一般
0013,國立中正大學,D 日,D 博士,69,42,67,31,66,36,50,22,52,24,43,17,53,16,0,0,10 嘉義縣,1 一般
0013,國立中正大學,D 日,M 碩士,710,421,664,358,271,168,118,112,1,3,0,0,0,0,0,0,10 嘉義縣,1 一般
0013,國立中正大學,D 日,B 學士,847,728,932,739,892,748,833,745,0,0,0,0,0,0,166,98,10 嘉義縣,1 一般
0013,國立中正大學,N 職,M 碩士,211,260,215,222,112,108,50,66,70,56,0,0,0,0,0,0,10 嘉義縣,1 一般
0014,國立高雄師範大學,D 日,D 博士,43,41,39,42,28,35,35,27,27,30,25,22,28,28,0,0,50 高雄市,3 師範
0014,國立高雄師範大學,D 日,M 碩士,196,280,142,231,93,178,62,146,11,29,1,8,0,1,0,0,50 高雄市,3 師範
0014,國立高雄師範大學,D 日,B 學士,398,469,414,426,402,447,388,443,0,0,0,0,0,0,55,45,50 高雄市,3 師範
0014,國立高雄師範大學,N 職,M 碩士,171,303,140,222,81,191,35,65,21,46,15,49,0,0,0,0,50 高雄市,3 師範
0015,國立彰化師範大學,D 日,D 博士,55,38,54,29,46,34,44,24,36,22,29,27,22,17,0,0,07 彰化縣,3 師範
0015,國立彰化師範大學,D 日,M 碩士,305,268,252,228,144,156,61,96,0,0,0,0,0,0,0,0,07 彰化縣,3 師範
0015,國立彰化師範大學,D 日,B 學士,615,587,587,579,629,560,576,570,0,0,0,0,0,0,133,59,07 彰化縣,3 師範
0015,國立彰化師範大學,N 職,M 碩士,195,271,188,250,91,99,34,46,24,43,62,50,0,0,0,0,07 彰化縣,3 師範
0016,國立陽明大學,D 日,D 博士,79,58,101,52,81,57,80,50,47,55,46,43,69,46,0,0,30 臺北市,1 一般
0016,國立陽明大學,D 日,M 碩士,214,331,190,271,59,86,30,42,0,3,0,0,0,0,0,0,30 臺北市,1 一般
0016,國立陽明大學,D 日,B 學士,217,184,217,191,198,185,215,190,104,67,112,64,79,52,18,14,30 臺北市,1 一般
0016,國立陽明大學,N 職,M 碩士,17,34,19,31,4,20,1,3,2,4,0,0,0,0,0,0,30 臺北市,1 一般
0017,國立臺北大學,D 日,D 博士,28,15,26,13,18,13,15,10,21,5,9,7,25,9,0,0,01 新北市,1 一般
0017,國立臺北大學,D 日,M 碩士,255,257,237,228,106,122,67,67,2,5,0,0,0,0,0,0,01 新北市,1 一般
0017,國立臺北大學,D 日,B 學士,643,757,646,754,660,747,586,811,0,0,0,0,0,0,139,135,01 新北市,1 一般
0017,國立臺北大學,N 職,M 碩士,88,92,71,99,23,34,17,15,6,11,0,0,0,0,0,0,01 新北市,1 一般
0017,國立臺北大學,P 進,B 學士,207,320,170,312,187,308,114,185,6,19,0,0,0,0,68,63,01 新北市,1 一般
0018,國立嘉義大學,D 日,D 博士,20,16,23,10,16,15,13,14,9,3,6,7,11,18,0,0,20 嘉義市,1 一般
0018,國立嘉義大學,D 日,M 碩士,194,257,227,241,119,139,81,97,0,0,0,0,0,0,0,0,20 嘉義市,1 一般
0018,國立嘉義大學,D 日,B 學士,946,939,980,915,978,925,942,921,27,21,0,0,0,0,163,73,20 嘉義市,1 一般
0018,國立嘉義大學,N 職,M 碩士,154,205,112,177,55,99,65,70,0,0,0,0,0,1,0,0,20 嘉義市,1 一般
0018,國立嘉義大學,P 進,B 學士,345,193,298,182,307,206,232,210,0,0,0,0,0,0,82,40,20 嘉義市,1 一般
0019,國立高雄大學,D 日,D 博士,4,1,6,0,3,0,2,0,4,1,2,0,1,0,0,0,50 高雄市,1 一般
0019,國立高雄大學,D 日,M 碩士,154,97,167,77,64,35,35,17,0,0,0,0,0,0,0,0,50 高雄市,1 一般
0019,國立高雄大學,D 日,B 學士,562,445,589,426,574,445,547,449,0,0,0,0,0,0,107,49,50 高雄市,1 一般
0019,國立高雄大學,N 職,M 碩士,113,60,95,61,44,28,25,13,15,6,11,2,0,0,0,0,50 高雄市,1 一般
0019,國立高雄大學,N 修,C 二技,0,0,0,0,46,21,27,25,0,0,0,0,0,0,33,18,50 高雄市,2 技職
0020,國立東華大學,D 日,D 博士,27,20,60,25,27,25,36,16,33,13,21,9,20,14,0,0,15 花蓮縣,1 一般
0020,國立東華大學,D 日,M 碩士,238,236,292,250,171,144,116,113,9,6,0,7,0,0,0,0,15 花蓮縣,1 一般
0020,國立東華大學,D 日,B 學士,890,945,841,950,883,933,869,912,0,0,0,0,0,0,264,172,15 花蓮縣,1 一般
0020,國立東華大學,N 職,M 碩士,74,80,90,104,42,51,21,30,18,20,15,21,1,0,0,0,15 花蓮縣,1 一般
0021,國立暨南國際大學,D 日,D 博士,31,29,37,27,23,25,25,23,30,13,19,20,31,13,0,0,08 南投縣,1 一般
0021,國立暨南國際大學,D 日,M 碩士,161,140,149,126,90,79,62,96,0,0,0,0,0,0,0,0,08 南投縣,1 一般
0021,國立暨南國際大學,D 日,B 學士,525,611,512,638,553,589,506,573,0,0,0,0,0,0,98,70,08 南投縣,1 一般
0021,國立暨南國際大學,N 職,M 碩士,82,87,80,84,18,30,11,18,8,10,3,6,0,0,0,0,08 南投縣,1 一般
0022,國立臺灣科技大學,D 日,D 博士,211,55,178,58,129,30,95,26,84,22,55,11,54,5,0,0,30 臺北市,2 技職
0022,國立臺灣科技大學,D 日,M 碩士,1117,508,1050,398,227,97,48,24,0,0,0,0,0,0,0,0,30 臺北市,2 技職
0022,國立臺灣科技大學,D 日,B 四技,987,402,974,387,907,434,831,397,0,0,0,0,0,0,201,61,30 臺北市,2 技職
0022,國立臺灣科技大學,D 日,C 二技,0,0,0,0,31,48,24,36,0,0,0,0,0,0,0,8,30 臺北市,2 技職
0022,國立臺灣科技大學,D 日,X 4+X,0,0,0,0,0,0,0,0,0,0,0,0,0,0,0,1,30 臺北市,2 技職
0022,國立臺灣科技大學,N 職,D 博士,0,0,0,0,0,0,0,0,0,0,0,0,10,1,0,0,30 臺北市,2 技職
0022,國立臺灣科技大學,N 職,M 碩士,212,115,198,103,57,26,58,10,4,1,2,0,0,0,0,0,30 臺北市,2 技職
0022,國立臺灣科技大學,N 修,C 二技,0,0,0,0,0,0,0,0,0,0,0,0,0,0,1,10,30 臺北市,2 技職
0023,國立雲林科技大學,D 日,D 博士,52,28,42,24,46,25,44,22,30,16,34,15,37,14,0,0,09 雲林縣,2 技職
0023,國立雲林科技大學,D 日,M 碩士,552,278,510,262,154,120,55,42,0,0,0,0,0,0,0,0,09 雲林縣,2 技職
0023,國立雲林科技大學,D 日,B 四技,902,639,974,617,906,624,882,584,0,0,0,0,0,0,119,73,09 雲林縣,2 技職
0023,國立雲林科技大學,D 日,C 二技,0,0,0,0,51,58,38,62,0,0,0,0,0,0,5,7,09 雲林縣,2 技職
0023,國立雲林科技大學,N 職,M 碩士,149,115,175,137,44,28,30,16,16,17,0,0,0,0,0,0,09 雲林縣,2 技職
0023,國立雲林科技大學,N 修,B 四技,22,23,0,0,0,0,0,0,0,0,0,0,0,0,0,0,09 雲林縣,2 技職
0024,國立屏東科技大學,D 日,D 博士,30,14,29,17,33,11,21,17,15,9,13,11,26,6,0,0,13 屏東縣,2 技職
0024,國立屏東科技大學,D 日,M 碩士,303,194,254,176,98,66,28,24,5,4,1,0,0,0,0,0,13 屏東縣,2 技職
0024,國立屏東科技大學,D 日,B 四技,1014,870,941,872,955,933,953,924,39,62,0,0,0,0,147,66,13 屏東縣,2 技職
0024,國立屏東科技大學,D 日,C 二技,0,0,0,0,1,2,1,5,0,0,0,0,0,0,1,0,13 屏東縣,2 技職
0024,國立屏東科技大學,N 職,M 碩士,155,55,94,68,35,12,24,4,14,4,7,3,0,0,0,0,13 屏東縣,2 技職
0024,國立屏東科技大學,N 修,B 四技,185,181,194,153,181,183,159,144,0,0,0,0,0,0,88,53,13 屏東縣,2 技職
0025,國立臺北科技大學,D 日,D 博士,101,23,104,23,97,19,79,21,63,23,61,11,71,26,0,0,30 臺北市,2 技職
0025,國立臺北科技大學,D 日,M 碩士,950,318,934,284,181,61,32,23,0,0,0,0,0,0,0,0,30 臺北市,2 技職
0025,國立臺北科技大學,D 日,B 四技,1082,481,1056,463,1018,412,976,457,0,0,0,0,0,0,29,8,30 臺北市,2 技職
0025,國立臺北科技大學,D 日,C 二技,0,0,0,0,22,28,16,18,0,0,0,0,0,0,1,0,30 臺北市,2 技職
0025,國立臺北科技大學,N 職,M 碩士,411,172,344,150,181,44,85,29,44,7,6,1,0,0,0,0,30 臺北市,2 技職
0025,國立臺北科技大學,N 修,B 四技,447,95,382,74,277,43,221,42,0,0,0,0,0,0,4,1,30 臺北市,2 技職
0025,國立臺北科技大學,N 修,C 二技,0,0,0,0,40,18,118,79,15,8,0,0,0,0,42,21,30 臺北市,2 技職
0026,國立高雄第一科技大學,D 日,D 博士,24,9,26,10,34,8,32,9,16,6,16,5,27,5,0,0,12 高雄市,2 技職
0026,國立高雄第一科技大學,D 日,M 碩士,282,191,257,143,78,57,28,16,0,0,0,0,0,0,0,0,12 高雄市,2 技職
0026,國立高雄第一科技大學,D 日,B 四技,759,669,717,682,632,666,667,680,0,0,0,0,0,0,115,52,12 高雄市,2 技職
0026,國立高雄第一科技大學,D 日,C 二技,0,0,0,0,21,60,29,57,0,0,0,0,0,0,2,3,12 高雄市,2 技職
0026,國立高雄第一科技大學,N 職,M 碩士,192,80,145,77,79,37,42,10,30,6,14,2,0,0,0,0,12 高雄市,2 技職
0027,國立高雄應用科技大學,D 日,D 博士,48,10,43,20,54,8,29,8,32,2,17,1,16,2,0,0,50 高雄市,2 技職
0027,國立高雄應用科技大學,D 日,M 碩士,333,153,399,144,77,32,20,11,2,0,0,0,0,0,0,0,50 高雄市,2 技職
0027,國立高雄應用科技大學,D 日,B 四技,1150,592,1148,620,1152,639,1096,664,0,0,0,0,0,0,163,56,50 高雄市,2 技職
0027,國立高雄應用科技大學,D 日,C 二技,0,0,0,0,30,15,36,15,0,0,0,0,0,0,2,2,50 高雄市,2 技職
0027,國立高雄應用科技大學,N 職,M 碩士,298,177,272,201,85,21,44,11,13,4,5,1,0,0,0,0,50 高雄市,2 技職
0027,國立高雄應用科技大學,N 修,B 四技,307,174,243,136,214,107,161,74,0,0,0,0,0,0,86,17,50 高雄市,2 技職
0027,國立高雄應用科技大學,N 修,C 二技,0,0,0,0,54,67,83,106,0,0,0,0,0,0,8,12,50 高雄市,2 技職
0028,國立臺北藝術大學,D 日,D 博士,10,11,4,13,2,12,5,6,3,5,3,7,0,5,0,0,30 臺北市,1 一般
0028,國立臺北藝術大學,D 日,M 碩士,112,168,93,170,88,159,57,109,0,0,0,0,0,0,0,0,30 臺北市,1 一般
0028,國立臺北藝術大學,D 日,B 學士,154,237,121,270,135,249,116,255,0,0,0,0,0,0,88,129,30 臺北市,1 一般
0028,國立臺北藝術大學,D 日,X 4+X,16,12,12,25,0,0,0,0,0,0,0,0,0,0,0,2,30 臺北市,1 一般
0028,國立臺北藝術大學,D 日,5 五專,8,15,13,14,13,12,0,0,0,0,0,0,0,0,0,0,30 臺北市,1 一般
0028,國立臺北藝術大學,N 職,M 碩士,17,44,20,35,13,30,9,10,7,8,0,0,0,0,0,0,30 臺北市,1 一般
0029,國立臺灣藝術大學,D 日,D 博士,16,17,13,12,9,9,12,7,2,6,1,3,1,4,0,0,01 新北市,1 一般
0029,國立臺灣藝術大學,D 日,M 碩士,78,141,74,141,71,129,50,70,0,0,0,0,0,0,0,0,01 新北市,1 一般
0029,國立臺灣藝術大學,D 日,B 學士,149,397,155,386,146,395,158,383,0,0,0,0,0,0,91,178,01 新北市,1 一般
0029,國立臺灣藝術大學,N 職,M 碩士,39,71,59,61,37,50,24,40,10,25,2,11,0,0,0,0,01 新北市,1 一般
0029,國立臺灣藝術大學,N 修,C 二技,0,0,0,0,38,123,35,104,0,0,0,0,0,0,21,50,01 新北市,2 技職
0029,國立臺灣藝術大學,P 進,B 學士,120,264,114,238,103,253,108,225,0,0,0,0,0,0,57,97,01 新北市,1 一般
0030,國立臺東大學,D 日,D 博士,3,5,1,5,4,3,1,2,1,5,1,5,3,2,0,0,14 臺東縣,1 一般
0030,國立臺東大學,D 日,M 碩士,46,78,52,43,26,45,12,30,0,2,0,0,0,0,0,0,14 臺東縣,1 一般
0030,國立臺東大學,D 日,B 學士,433,436,412,435,412,440,383,437,0,0,0,0,0,0,92,46,14 臺東縣,1 一般
0030,國立臺東大學,N 職,M 碩士,57,147,57,137,25,40,10,33,5,18,3,2,1,7,0,0,14 臺東縣,1 一般
0030,國立臺東大學,P 進,B 學士,22,30,15,26,16,19,18,18,0,0,0,0,0,0,7,2,14 臺東縣,1 一般
0031,國立宜蘭大學,D 日,D 博士,2,1,2,0,0,0,1,1,1,0,2,0,2,0,0,0,02 宜蘭縣,1 一般
0031,國立宜蘭大學,D 日,M 碩士,132,59,127,60,50,20,19,6,1,0,0,0,0,0,0,0,02 宜蘭縣,1 一般
0031,國立宜蘭大學,D 日,B 學士,730,376,727,377,685,384,636,397,0,0,0,0,0,0,108,30,02 宜蘭縣,1 一般
0031,國立宜蘭大學,N 職,M 碩士,49,19,42,26,24,7,12,4,9,0,5,0,0,0,0,0,02 宜蘭縣,1 一般
0031,國立宜蘭大學,P 進,B 學士,78,29,52,33,51,27,59,26,0,0,0,0,0,0,15,8,02 宜蘭縣,1 一般
0032,國立聯合大學,D 日,D 博士,3,0,3,0,3,0,1,0,0,0,2,0,0,0,0,0,05 苗栗縣,1 一般
0032,國立聯合大學,D 日,M 碩士,121,52,110,50,44,11,12,7,2,1,0,0,0,0,0,0,05 苗栗縣,1 一般
0032,國立聯合大學,D 日,B 學士,1003,462,998,466,988,456,973,456,31,13,0,0,0,0,176,29,05 苗栗縣,1 一般
0032,國立聯合大學,N 職,M 碩士,1,2,0,0,0,0,0,0,0,0,0,0,0,0,0,0,05 苗栗縣,1 一般
0032,國立聯合大學,P 進,B 學士,179,125,171,123,174,125,153,110,0,0,0,0,0,0,69,24,05 苗栗縣,1 一般
0033,國立虎尾科技大學,D 日,D 博士,7,2,5,1,4,2,4,0,4,2,0,1,1,0,0,0,09 雲林縣,2 技職
0033,國立虎尾科技大學,D 日,M 碩士,278,94,320,65,67,10,18,3,0,0,0,0,0,0,0,0,09 雲林縣,2 技職
0033,國立虎尾科技大學,D 日,B 四技,1409,414,1321,428,1279,430,1224,469,0,0,0,0,0,0,226,36,09 雲林縣,2 技職
0033,國立虎尾科技大學,D 日,C 二技,0,0,0,0,72,24,65,18,0,0,0,0,0,0,1,0,09 雲林縣,2 技職
0033,國立虎尾科技大學,N 職,M 碩士,51,25,46,21,34,6,6,1,5,4,0,0,0,0,0,0,09 雲林縣,2 技職
0033,國立虎尾科技大學,N 修,B 四技,392,99,388,80,230,63,203,63,0,0,0,0,0,0,55,7,09 雲林縣,2 技職
0033,國立虎尾科技大學,N 修,C 二技,0,0,0,0,29,30,22,21,0,0,0,0,0,0,2,1,09 雲林縣,2 技職
0034,國立高雄海洋科技大學,D 日,D 博士,9,1,6,5,4,0,3,0,0,0,0,0,0,0,0,0,50 高雄市,2 技職
0034,國立高雄海洋科技大學,D 日,M 碩士,88,43,71,49,37,17,8,4,0,0,0,0,0,0,0,0,50 高雄市,2 技職
0034,國立高雄海洋科技大學,D 日,B 四技,741,392,718,397,674,390,665,418,0,0,0,0,0,0,156,39,50 高雄市,2 技職
0034,國立高雄海洋科技大學,D 日,C 二技,0,0,0,0,85,10,77,15,0,0,0,0,0,0,23,2,50 高雄市,2 技職
0034,國立高雄海洋科技大學,D 日,X 4+X,30,1,0,0,0,0,0,0,0,0,0,0,0,0,2,0,50 高雄市,2 技職
0034,國立高雄海洋科技大學,D 日,5 五專,81,20,83,16,81,16,79,20,78,14,0,0,0,0,20,0,50 高雄市,2 技職
0034,國立高雄海洋科技大學,N 職,M 碩士,60,17,48,18,8,6,8,4,0,0,0,0,0,0,0,0,50 高雄市,2 技職
0034,國立高雄海洋科技大學,N 修,B 四技,383,104,298,119,240,137,239,157,0,0,0,0,0,0,122,38,50 高雄市,2 技職
0035,國立臺南藝術大學,D 日,D 博士,4,3,2,3,3,2,1,3,5,1,2,2,2,5,0,0,11 臺南市,1 一般
0035,國立臺南藝術大學,D 日,M 碩士,56,96,44,107,45,66,50,72,0,1,1,1,0,1,0,0,11 臺南市,1 一般
0035,國立臺南藝術大學,D 日,B 學士,60,130,56,135,51,124,49,122,0,0,0,0,0,0,19,38,11 臺南市,1 一般
0035,國立臺南藝術大學,D 日,5 五專,20,40,24,33,23,30,0,0,0,0,0,0,0,0,0,0,11 臺南市,1 一般
0035,國立臺南藝術大學,N 職,M 碩士,1,10,3,6,4,2,5,4,0,4,1,4,2,2,0,0,11 臺南市,1 一般
0036,國立臺南大學,D 日,D 博士,17,14,11,19,15,17,12,12,14,13,3,10,8,8,0,0,21 臺南市,1 一般
0036,國立臺南大學,D 日,M 碩士,151,160,144,155,71,108,59,85,2,5,0,0,0,0,0,0,21 臺南市,1 一般
0036,國立臺南大學,D 日,B 學士,430,501,441,501,436,530,402,508,0,0,0,0,0,0,77,53,21 臺南市,1 一般
0036,國立臺南大學,N 職,M 碩士,80,162,81,125,28,91,34,45,8,24,1,1,1,2,0,0,21 臺南市,1 一般
0036,國立臺南大學,P 進,B 學士,1,12,2,7,9,11,3,15,0,0,0,0,0,0,5,5,21 臺南市,1 一般
0037,國立臺北教育大學,D 日,D 博士,13,14,13,15,13,13,11,10,4,7,8,6,8,15,0,0,30 臺北市,3 師範
0037,國立臺北教育大學,D 日,M 碩士,143,286,131,230,90,176,50,139,2,6,1,2,0,0,0,0,30 臺北市,3 師範
0037,國立臺北教育大學,D 日,B 學士,297,545,281,528,267,528,277,521,0,0,0,0,0,0,58,81,30 臺北市,3 師範
0037,國立臺北教育大學,N 職,M 碩士,83,283,74,246,26,110,33,112,15,23,6,8,0,0,0,0,30 臺北市,3 師範
0039,國立臺中教育大學,D 日,D 博士,10,6,9,10,10,10,11,9,6,13,5,6,6,13,0,0,19 臺中市,3 師範
0039,國立臺中教育大學,D 日,M 碩士,93,192,99,181,51,86,29,62,6,7,3,9,0,0,0,0,19 臺中市,3 師範
0039,國立臺中教育大學,D 日,B 學士,297,516,289,512,270,540,288,530,0,0,0,0,0,0,50,59,19 臺中市,3 師範
0039,國立臺中教育大學,N 職,M 碩士,56,190,45,170,26,94,25,58,11,15,13,10,0,0,0,0,19 臺中市,3 師範
0042,國立澎湖科技大學,D 日,M 碩士,20,19,18,14,4,5,4,2,0,0,0,0,0,0,0,0,16 澎湖縣,2 技職
0042,國立澎湖科技大學,D 日,B 四技,396,255,361,305,354,248,352,240,0,0,0,0,0,0,43,15,16 澎湖縣,2 技職
0042,國立澎湖科技大學,N 職,M 碩士,12,14,15,5,1,1,0,1,0,0,0,0,0,0,0,0,16 澎湖縣,2 技職
0042,國立澎湖科技大學,N 修,B 四技,40,51,27,36,29,35,33,42,0,0,0,0,0,0,9,2,16 澎湖縣,2 技職
0043,國立勤益科技大學,D 日,D 博士,2,1,3,0,2,1,3,0,3,0,3,0,0,0,0,0,06 臺中市,2 技職
0043,國立勤益科技大學,D 日,M 碩士,170,56,195,47,44,14,14,6,0,0,0,0,0,0,0,0,06 臺中市,2 技職
0043,國立勤益科技大學,D 日,B 四技,1130,518,1084,502,1086,553,1061,508,0,0,0,0,0,0,188,29,06 臺中市,2 技職
0043,國立勤益科技大學,D 日,C 二技,0,0,0,0,34,1,27,3,0,0,0,0,0,0,3,0,06 臺中市,2 技職
0043,國立勤益科技大學,D 日,2 二專,0,0,0,0,0,0,0,0,0,0,0,0,0,0,1,0,06 臺中市,2 技職
0043,國立勤益科技大學,N 職,M 碩士,84,23,80,21,39,4,20,1,9,0,4,0,0,0,0,0,06 臺中市,2 技職
0043,國立勤益科技大學,N 修,B 四技,831,180,685,133,616,154,605,163,0,0,0,0,0,0,189,18,06 臺中市,2 技職
0043,國立勤益科技大學,N 修,C 二技,0,0,0,0,4,2,17,1,0,0,0,0,0,0,1,0,06 臺中市,2 技職
0044,國立體育大學,D 日,D 博士,20,8,17,10,21,8,11,6,12,5,8,10,7,2,0,0,03 桃園市,1 一般
0044,國立體育大學,D 日,M 碩士,59,66,61,54,34,42,25,15,0,0,0,0,0,0,0,0,03 桃園市,1 一般
0044,國立體育大學,D 日,B 學士,240,159,236,158,251,128,219,148,0,0,0,0,0,0,89,31,03 桃園市,1 一般
0044,國立體育大學,N 職,M 碩士,47,34,38,37,18,14,6,6,1,2,0,1,0,0,0,0,03 桃園市,1 一般
0044,國立體育大學,N 修,C 二年制,0,0,0,0,27,10,28,15,0,0,0,0,0,0,15,5,03 桃園市,1 一般
0046,國立臺北護理健康大學,D 日,D 博士,3,14,0,8,0,10,0,10,0,14,0,3,0,5,0,0,30 臺北市,2 技職
0046,國立臺北護理健康大學,D 日,M 碩士,39,153,34,136,23,100,11,75,0,0,0,0,0,0,0,0,30 臺北市,2 技職
0046,國立臺北護理健康大學,D 日,B 四技,160,554,172,520,152,504,147,434,0,0,0,0,0,0,13,33,30 臺北市,2 技職
0046,國立臺北護理健康大學,D 日,C 二技,0,0,0,0,19,417,18,374,0,0,0,0,0,0,3,9,30 臺北市,2 技職
0046,國立臺北護理健康大學,D 日,X 4+X,0,0,0,0,0,0,0,0,0,0,0,0,0,0,1,0,30 臺北市,2 技職
0046,國立臺北護理健康大學,N 職,M 碩士,8,54,11,49,6,39,1,24,0,0,0,0,0,0,0,0,30 臺北市,2 技職
0046,國立臺北護理健康大學,N 修,C 二技,0,0,0,0,12,231,2,223,4,211,0,0,0,0,0,34,30 臺北市,2 技職
0047,國立高雄餐旅大學,D 日,D 博士,4,5,4,0,2,1,2,6,2,1,3,0,0,0,0,0,50 高雄市,2 技職
0047,國立高雄餐旅大學,D 日,M 碩士,20,42,15,44,3,10,2,2,1,0,0,0,0,0,0,0,50 高雄市,2 技職
0047,國立高雄餐旅大學,D 日,B 四技,231,554,225,568,217,567,212,584,0,0,0,0,0,0,7,14,50 高雄市,2 技職
0047,國立高雄餐旅大學,D 日,C 二技,0,0,0,0,6,43,14,36,0,0,0,0,0,0,0,2,50 高雄市,2 技職
0047,國立高雄餐旅大學,D 日,5 五專,17,29,21,28,20,30,17,31,9,25,0,0,0,0,2,0,50 高雄市,2 技職
0047,國立高雄餐旅大學,N 職,M 碩士,12,7,13,11,7,2,1,2,0,0,0,0,0,0,0,0,50 高雄市,2 技職
0047,國立高雄餐旅大學,N 修,B 四技,97,262,74,162,54,164,57,174,0,0,0,0,0,0,4,3,50 高雄市,2 技職
0047,國立高雄餐旅大學,N 修,C 二技,0,0,0,0,35,113,37,122,0,0,0,0,0,0,2,4,50 高雄市,2 技職
0047,國立高雄餐旅大學,N 修,X 4+X,9,20,0,0,0,0,0,0,0,0,0,0,0,0,0,0,50 高雄市,2 技職
0047,國立高雄餐旅大學,N 修,2 二專,0,0,49,77,0,0,0,0,0,0,0,0,0,0,3,12,50 高雄市,2 技職
0048,國立金門大學,D 日,M 碩士,50,23,46,26,26,15,8,8,0,0,0,0,0,0,0,0,71 金門縣,1 一般
0048,國立金門大學,D 日,B 學士,407,345,398,425,405,402,413,389,22,14,0,0,0,0,103,44,71 金門縣,1 一般
0048,國立金門大學,N 職,M 碩士,32,13,13,9,11,2,5,1,0,0,0,0,0,0,0,0,71 金門縣,1 一般
0048,國立金門大學,P 進,B 學士,150,105,102,82,100,75,97,76,0,0,0,0,0,0,39,20,71 金門縣,1 一般
0049,國立臺灣體育運動大學,D 日,M 碩士,35,40,47,35,30,28,21,9,3,1,1,1,0,1,0,0,19 臺中市,1 一般
0049,國立臺灣體育運動大學,D 日,B 學士,348,239,335,229,329,225,302,222,0,0,0,0,0,0,161,65,19 臺中市,1 一般
0049,國立臺灣體育運動大學,N 職,M 碩士,12,21,24,10,14,10,5,2,4,0,0,1,0,0,0,0,19 臺中市,1 一般
0049,國立臺灣體育運動大學,P 進,B 學士,71,28,60,20,43,21,55,22,0,0,0,0,0,0,21,3,19 臺中市,1 一般
0050,國立臺中科技大學,D 日,M 碩士,72,98,64,84,22,15,2,8,0,0,0,0,0,0,0,0,19 臺中市,2 技職
0050,國立臺中科技大學,D 日,B 四技,379,962,414,955,344,992,331,844,0,0,0,0,0,0,82,101,19 臺中市,2 技職
0050,國立臺中科技大學,D 日,C 二技,0,0,0,0,132,533,137,551,0,0,0,0,0,0,12,91,19 臺中市,2 技職
0050,國立臺中科技大學,D 日,2 二專,0,0,0,0,0,0,0,0,0,0,0,0,0,0,0,2,19 臺中市,2 技職
0050,國立臺中科技大學,D 日,5 五專,160,511,149,505,128,564,148,594,115,589,0,0,0,0,11,30,19 臺中市,2 技職
0050,國立臺中科技大學,N 職,M 碩士,46,55,30,42,4,8,3,6,0,0,0,0,0,0,0,0,19 臺中市,2 技職
0050,國立臺中科技大學,N 修,B 四技,184,400,180,299,161,332,173,348,0,0,0,0,0,0,42,90,19 臺中市,2 技職
0050,國立臺中科技大學,N 修,C 二技,0,0,0,0,49,128,35,132,0,0,0,0,0,0,18,23,19 臺中市,2 技職
0050,國立臺中科技大學,N 修,2 二專,0,1,3,54,0,0,0,0,0,0,0,0,0,0,2,20,19 臺中市,2 技職
0051,國立臺北商業大學,D 日,M 碩士,35,54,33,32,11,8,0,1,0,0,0,0,0,0,0,0,30 臺北市,2 技職
0051,國立臺北商業大學,D 日,B 四技,180,432,172,419,140,411,163,376,0,0,0,0,0,0,14,31,30 臺北市,2 技職
0051,國立臺北商業大學,D 日,C 二技,0,0,0,0,70,280,68,316,0,0,0,0,0,0,6,20,30 臺北市,2 技職
0051,國立臺北商業大學,D 日,5 五專,90,255,82,274,108,289,113,275,79,292,0,0,0,0,18,36,30 臺北市,2 技職
0051,國立臺北商業大學,N 職,M 碩士,14,11,4,7,1,1,0,1,0,0,0,0,0,0,0,0,30 臺北市,2 技職
0051,國立臺北商業大學,N 修,B 四技,54,129,43,111,56,99,29,116,0,0,0,0,0,0,9,24,30 臺北市,2 技職
0051,國立臺北商業大學,N 修,C 二技,0,0,0,0,129,263,103,264,0,0,0,0,0,0,20,33,30 臺北市,2 技職
0051,國立臺北商業大學,N 修,X 4+X,4,5,4,5,0,0,0,0,0,0,0,0,0,0,0,0,30 臺北市,2 技職
0051,國立臺北商業大學,N 修,2 二專,0,0,0,0,2,0,0,0,0,0,0,0,0,0,2,4,30 臺北市,2 技職
0052,國立屏東大學,D 日,D 博士,6,5,4,2,2,8,7,3,1,1,4,2,3,0,0,0,13 屏東縣,1 一般
0052,國立屏東大學,D 日,M 碩士,147,172,133,180,70,100,44,86,0,0,0,0,0,0,0,0,13 屏東縣,1 一般
0052,國立屏東大學,D 日,B 學士,664,991,677,964,610,1046,635,976,0,0,0,0,0,0,118,95,13 屏東縣,1 一般
0052,國立屏東大學,N 職,M 碩士,70,152,38,132,19,58,13,34,9,30,0,1,0,0,0,0,13 屏東縣,1 一般
0052,國立屏東大學,P 進,B 學士,94,98,79,84,50,62,56,77,0,0,0,0,0,0,25,26,13 屏東縣,1 一般
0144,國立臺灣戲曲學院,D 日,B 四技,49,102,48,91,40,82,41,74,0,0,0,0,0,0,12,16,30 臺北市,2 技職
0144,國立臺灣戲曲學院,N 修,B 四技,6,7,4,8,11,8,7,8,0,0,0,0,0,0,0,0,30 臺北市,2 技職
0221,國立臺南護理專科學校,D 日,2 二專,0,46,3,43,0,0,0,0,0,0,0,0,0,0,2,3,21 臺南市,2 技職
0221,國立臺南護理專科學校,D 日,5 五專,30,333,22,340,24,343,28,320,24,320,0,0,0,0,0,13,21 臺南市,2 技職
0221,國立臺南護理專科學校,N 修,2 二專,5,25,2,27,0,0,0,0,0,0,0,0,0,0,0,2,21 臺南市,2 技職
0222,國立臺東專科學校,D 日,2 二專,231,72,196,67,0,0,0,0,0,0,0,0,0,0,12,1,14 臺東縣,2 技職
0222,國立臺東專科學校,D 日,5 五專,36,65,42,73,71,65,45,49,61,59,0,0,0,0,12,9,14 臺東縣,2 技職
0222,國立臺東專科學校,N 修,2 二專,18,15,20,21,0,0,0,0,0,0,0,0,0,0,3,1,14 臺東縣,2 技職
1001,東海大學,D 日,D 博士,25,15,20,15,25,16,15,18,20,8,19,14,12,18,0,0,19 臺中市,1 一般
1001,東海大學,D 日,M 碩士,236,236,198,171,119,131,103,96,7,3,3,5,0,0,0,0,19 臺中市,1 一般
1001,東海大學,D 日,B 學士,1451,1782,1506,1757,1436,1769,1393,1799,20,16,0,0,0,0,386,273,19 臺中市,1 一般
1001,東海大學,N 職,M 碩士,110,124,91,113,67,58,43,27,31,20,29,32,0,0,0,0,19 臺中市,1 一般
1001,東海大學,P 進,B 學士,42,42,56,45,51,59,77,54,48,40,0,0,0,0,23,11,19 臺中市,1 一般
1002,輔仁大學,D 日,D 博士,48,40,35,29,41,33,38,32,21,19,37,34,32,34,0,0,01 新北市,1 一般
1002,輔仁大學,D 日,M 碩士,297,399,292,379,148,260,162,198,1,8,3,9,0,0,0,0,01 新北市,1 一般
1002,輔仁大學,D 日,B 學士,1803,2369,1873,2518,1791,2505,1685,2453,37,14,35,13,35,9,487,478,01 新北市,1 一般
1002,輔仁大學,N 職,M 碩士,250,308,181,287,77,127,63,93,67,67,50,83,0,0,0,0,01 新北市,1 一般
1002,輔仁大學,N 修,C 二技,0,0,0,0,0,35,1,28,0,0,0,0,0,0,0,1,01 新北市,2 技職
1002,輔仁大學,P 進,B 學士,394,605,404,638,361,668,330,685,0,0,0,0,0,0,208,272,01 新北市,1 一般
1003,東吳大學,D 日,D 博士,10,10,13,9,8,9,10,10,11,4,5,6,8,9,0,0,30 臺北市,1 一般
1003,東吳大學,D 日,M 碩士,189,228,144,210,114,132,130,122,0,0,0,0,0,0,0,0,30 臺北市,1 一般
1003,東吳大學,D 日,B 學士,1098,1698,1124,1711,1116,1771,1069,1674,119,134,0,0,0,0,311,350,30 臺北市,1 一般
1003,東吳大學,D 日,X 4+X,8,2,0,0,0,0,0,0,0,0,0,0,0,0,0,0,30 臺北市,1 一般
1003,東吳大學,N 職,M 碩士,160,172,119,185,105,97,57,70,49,57,47,52,0,0,0,0,30 臺北市,1 一般
1003,東吳大學,P 進,B 學士,89,134,63,149,63,170,59,157,54,113,0,0,0,0,17,36,30 臺北市,1 一般
1004,中原大學,D 日,D 博士,38,27,38,20,45,16,38,11,32,9,20,4,30,8,0,0,03 桃園市,1 一般
1004,中原大學,D 日,M 碩士,426,268,384,206,111,89,72,64,0,0,0,0,0,0,0,0,03 桃園市,1 一般
1004,中原大學,D 日,B 學士,1755,1421,1721,1488,1757,1437,1694,1375,71,87,0,0,0,0,448,218,03 桃園市,1 一般
1004,中原大學,D 日,X 4+X,9,5,25,12,0,0,0,0,0,0,0,0,0,0,0,1,03 桃園市,1 一般
1004,中原大學,N 職,M 碩士,212,121,152,109,80,37,31,20,45,17,27,11,0,0,0,0,03 桃園市,1 一般
1005,淡江大學,D 日,D 博士,53,20,50,26,51,16,37,22,43,28,19,16,42,19,0,0,01 新北市,1 一般
1005,淡江大學,D 日,M 碩士,451,342,363,258,155,108,98,98,0,0,0,0,0,0,0,0,01 新北市,1 一般
1005,淡江大學,D 日,B 學士,2497,2361,2534,2509,2459,2530,2303,2461,29,25,0,0,0,0,802,379,01 新北市,1 一般
1005,淡江大學,N 職,M 碩士,205,197,167,173,66,54,65,43,26,36,30,20,0,0,0,0,01 新北市,1 一般
1005,淡江大學,N 修,C 二技,0,0,0,0,0,0,6,11,2,1,0,0,0,0,0,1,01 新北市,2 技職
1005,淡江大學,P 進,B 學士,141,102,194,186,246,257,234,189,0,0,0,0,0,0,108,68,01 新北市,1 一般
1006,中國文化大學,D 日,D 博士,43,25,49,26,37,32,45,24,36,23,49,24,78,33,0,0,30 臺北市,1 一般
1006,中國文化大學,D 日,M 碩士,233,225,221,167,173,137,155,124,102,54,1,4,0,0,0,0,30 臺北市,1 一般
1006,中國文化大學,D 日,B 學士,2394,2485,2397,2611,2218,2731,2177,2709,24,29,0,0,0,0,892,697,30 臺北市,1 一般
1006,中國文化大學,N 職,M 碩士,77,129,43,80,29,41,21,28,28,23,7,3,0,0,0,0,30 臺北市,1 一般
1006,中國文化大學,N 修,C 二技,0,0,0,0,11,29,16,31,4,6,0,0,0,0,0,3,30 臺北市,2 技職
1006,中國文化大學,P 進,B 學士,205,247,145,198,177,194,150,268,0,0,0,0,0,0,94,114,30 臺北市,1 一般
1007,逢甲大學,D 日,D 博士,69,25,64,19,59,23,42,23,35,5,27,9,29,11,0,0,19 臺中市,1 一般
1007,逢甲大學,D 日,M 碩士,497,231,452,212,136,45,47,21,1,0,0,0,0,0,0,0,19 臺中市,1 一般
1007,逢甲大學,D 日,B 學士,2482,1552,2636,1567,2547,1571,2428,1603,57,46,0,0,0,0,432,108,19 臺中市,1 一般
1007,逢甲大學,N 職,M 碩士,254,192,258,153,83,37,76,18,35,14,0,0,0,0,0,0,19 臺中市,1 一般
1007,逢甲大學,P 進,B 學士,101,70,114,89,122,118,117,102,0,0,0,0,0,0,48,34,19 臺中市,1 一般
1008,靜宜大學,D 日,D 博士,6,4,6,4,3,3,3,2,1,1,4,1,3,1,0,0,06 臺中市,1 一般
1008,靜宜大學,D 日,M 碩士,67,132,72,109,31,61,30,41,0,2,0,0,0,1,0,0,06 臺中市,1 一般
1008,靜宜大學,D 日,B 學士,1016,1609,1046,1690,961,1702,984,1640,0,0,0,0,0,0,372,351,06 臺中市,1 一般
1008,靜宜大學,N 職,M 碩士,44,64,36,58,27,21,9,18,13,12,10,14,0,0,0,0,06 臺中市,1 一般
1008,靜宜大學,P 進,B 學士,0,0,0,0,0,0,0,0,0,0,0,0,0,0,1,3,06 臺中市,1 一般
1009,長庚大學,D 日,D 博士,59,24,55,28,51,25,54,23,43,15,36,19,63,30,0,0,03 桃園市,1 一般
1009,長庚大學,D 日,M 碩士,228,211,238,183,84,90,39,54,5,9,7,12,0,0,0,0,03 桃園市,1 一般
1009,長庚大學,D 日,B 學士,576,611,552,627,608,543,589,523,93,65,111,47,102,50,119,88,03 桃園市,1 一般
1009,長庚大學,N 職,M 碩士,28,40,27,20,9,23,10,8,13,2,8,10,0,0,0,0,03 桃園市,1 一般
1010,元智大學,D 日,D 博士,38,15,33,18,31,12,28,11,29,2,20,8,27,13,0,0,03 桃園市,1 一般
1010,元智大學,D 日,M 碩士,227,144,262,122,92,45,49,13,0,0,1,0,0,0,0,0,03 桃園市,1 一般
1010,元智大學,D 日,B 學士,976,743,980,760,985,751,933,754,0,0,0,0,0,0,220,107,03 桃園市,1 一般
1010,元智大學,N 職,M 碩士,124,85,139,88,67,29,57,15,33,9,28,11,0,1,0,0,03 桃園市,1 一般
1011,中華大學,D 日,D 博士,12,4,10,5,13,3,16,4,7,2,6,2,9,2,0,0,18 新竹市,1 一般
1011,中華大學,D 日,M 碩士,183,158,84,36,42,11,25,11,0,0,0,0,0,0,0,0,18 新竹市,1 一般
1011,中華大學,D 日,B 學士,512,310,690,436,949,618,875,597,0,0,0,0,0,0,340,100,18 新竹市,1 一般
1011,中華大學,N 職,M 碩士,61,67,63,22,15,3,7,4,0,0,0,0,0,0,0,0,18 新竹市,1 一般
1011,中華大學,N 修,C 二技,0,0,0,0,0,0,120,78,0,0,0,0,0,0,5,2,18 新竹市,2 技職
1011,中華大學,P 進,B 學士,39,19,24,18,31,17,22,16,0,0,0,0,0,0,13,4,18 新竹市,1 一般
1012,大葉大學,D 日,D 博士,32,8,13,8,21,3,14,0,13,3,8,3,7,1,0,0,07 彰化縣,1 一般
1012,大葉大學,D 日,M 碩士,177,155,133,66,66,25,25,25,0,0,0,0,0,0,0,0,07 彰化縣,1 一般
1012,大葉大學,D 日,B 學士,949,789,1095,1033,1130,1133,1118,1051,0,0,0,0,0,0,228,97,07 彰化縣,1 一般
1012,大葉大學,N 職,M 碩士,101,239,41,63,10,16,5,8,9,2,6,0,0,0,0,0,07 彰化縣,1 一般
1012,大葉大學,N 修,C 二技,0,0,0,0,1,20,0,40,0,0,0,0,0,0,0,0,07 彰化縣,2 技職
1012,大葉大學,P 進,B 學士,158,116,153,103,180,111,155,122,0,0,0,0,0,0,39,20,07 彰化縣,1 一般
1013,華梵大學,D 日,D 博士,10,4,2,5,3,3,8,4,5,5,2,2,4,1,0,0,01 新北市,1 一般
1013,華梵大學,D 日,M 碩士,53,27,36,24,26,40,26,30,0,0,0,0,0,0,0,0,01 新北市,1 一般
1013,華梵大學,D 日,B 學士,144,120,197,187,279,244,276,263,0,0,0,0,0,0,106,48,01 新北市,1 一般
1013,華梵大學,N 職,M 碩士,19,34,7,16,3,15,4,9,4,8,15,2,0,0,0,0,01 新北市,1 一般
1014,義守大學,D 日,D 博士,24,10,19,6,14,7,22,4,12,0,5,3,9,2,0,0,12 高雄市,1 一般
1014,義守大學,D 日,M 碩士,91,61,105,72,46,23,35,9,0,0,0,0,0,0,0,0,12 高雄市,1 一般
1014,義守大學,D 日,B 學士,1513,1503,1563,1500,1526,1559,1549,1499,25,27,0,0,0,0,404,185,12 高雄市,1 一般
1014,義守大學,N 職,M 碩士,219,77,120,44,13,7,16,7,7,6,3,0,0,0,0,0,12 高雄市,1 一般
1014,義守大學,N 修,C 二技,0,0,0,0,20,105,19,121,0,0,0,0,0,0,5,2,12 高雄市,2 技職
1014,義守大學,P 進,B 學士,540,218,286,141,226,98,226,133,0,0,0,0,0,0,76,42,12 高雄市,1 一般
1015,世新大學,D 日,D 博士,11,7,8,8,8,9,3,6,3,6,5,4,6,5,0,0,30 臺北市,1 一般
1015,世新大學,D 日,M 碩士,104,124,82,97,55,40,67,47,0,0,0,0,0,1,0,0,30 臺北市,1 一般
1015,世新大學,D 日,B 學士,799,1554,850,1516,804,1558,802,1541,0,0,0,0,0,0,249,200,30 臺北市,1 一般
1015,世新大學,N 職,M 碩士,110,101,125,85,67,53,54,32,52,32,51,44,0,0,0,0,30 臺北市,1 一般
1015,世新大學,N 修,C 二技,0,0,0,0,0,0,8,15,0,0,0,0,0,0,1,0,30 臺北市,2 技職
1015,世新大學,P 進,B 學士,44,45,31,42,29,55,19,49,0,0,0,0,0,0,0,0,30 臺北市,1 一般
1016,銘傳大學,D 日,D 博士,4,8,7,9,4,4,3,5,4,6,3,3,4,5,0,0,30 臺北市,1 一般
1016,銘傳大學,D 日,M 碩士,122,163,118,138,51,59,35,43,0,0,0,1,0,0,0,0,30 臺北市,1 一般
1016,銘傳大學,D 日,B 學士,1633,2583,1609,2490,1591,2515,1522,2553,28,26,0,0,0,0,537,434,30 臺北市,1 一般
1016,銘傳大學,N 職,M 碩士,146,196,115,173,39,36,29,24,16,12,14,9,0,0,0,0,30 臺北市,1 一般
1017,實踐大學,D 日,D 博士,3,3,2,4,4,2,0,2,2,0,0,2,0,0,0,0,30 臺北市,1 一般
1017,實踐大學,D 日,M 碩士,46,70,46,62,34,31,35,25,1,1,0,0,0,0,0,0,30 臺北市,1 一般
1017,實踐大學,D 日,B 學士,880,1811,907,1934,1011,1854,935,1892,10,28,0,0,0,0,224,297,30 臺北市,1 一般
1017,實踐大學,N 職,M 碩士,21,35,28,26,11,14,7,11,7,5,0,0,0,0,0,0,30 臺北市,1 一般
1017,實踐大學,N 修,C 二技,0,0,0,0,12,50,7,41,0,0,0,0,0,0,2,14,30 臺北市,2 技職
1017,實踐大學,P 進,B 學士,151,294,149,365,169,386,147,327,0,0,0,0,0,0,43,99,30 臺北市,1 一般
1018,朝陽科技大學,D 日,D 博士,15,4,18,2,13,4,10,3,7,1,5,2,4,2,0,0,06 臺中市,2 技職
1018,朝陽科技大學,D 日,M 碩士,135,110,156,85,93,95,0,0,0,0,0,0,0,0,0,0,06 臺中市,2 技職
1018,朝陽科技大學,D 日,B 四技,1130,1541,1173,1631,1096,1642,1128,1668,0,0,0,0,0,0,227,160,06 臺中市,2 技職
1018,朝陽科技大學,D 日,C 二技,0,0,0,0,9,12,17,14,0,0,0,0,0,0,0,0,06 臺中市,2 技職
1018,朝陽科技大學,N 職,M 碩士,84,48,71,60,80,99,0,0,0,0,0,0,0,0,0,0,06 臺中市,2 技職
1018,朝陽科技大學,N 修,B 四技,410,409,408,341,364,357,305,339,0,0,0,0,0,0,112,93,06 臺中市,2 技職
1019,高雄醫學大學,D 日,D 博士,31,28,30,30,29,28,22,19,22,14,20,21,20,9,0,0,50 高雄市,1 一般
1019,高雄醫學大學,D 日,M 碩士,108,191,86,164,32,52,10,33,0,2,0,0,0,0,0,0,50 高雄市,1 一般
1019,高雄醫學大學,D 日,B 學士,518,688,509,713,491,698,503,675,194,109,155,87,106,45,57,49,50 高雄市,1 一般
1019,高雄醫學大學,D 日,X 4+X,3,5,0,0,0,0,0,0,0,0,0,0,0,0,0,0,50 高雄市,1 一般
1019,高雄醫學大學,N 職,M 碩士,34,59,25,67,14,13,11,3,2,2,0,0,0,0,0,0,50 高雄市,1 一般
1019,高雄醫學大學,N 修,C 二技,0,0,0,0,0,13,0,15,1,16,0,0,0,0,0,0,50 高雄市,2 技職
1020,南華大學,D 日,D 博士,5,8,3,0,7,2,0,0,2,2,3,0,0,0,0,0,10 嘉義縣,1 一般
1020,南華大學,D 日,M 碩士,116,155,57,89,37,60,42,33,2,1,0,0,0,0,0,0,10 嘉義縣,1 一般
1020,南華大學,D 日,B 學士,474,591,457,485,500,571,463,556,0,0,0,0,0,0,134,53,10 嘉義縣,1 一般
1020,南華大學,N 職,M 碩士,68,85,38,65,14,21,9,22,15,19,0,0,0,0,0,0,10 嘉義縣,1 一般
1020,南華大學,P 進,B 學士,63,40,41,34,42,33,47,31,0,0,0,0,0,0,5,0,10 嘉義縣,1 一般
1021,真理大學,D 日,M 碩士,37,23,31,20,13,15,6,7,0,0,0,0,0,0,0,0,01 新北市,1 一般
1021,真理大學,D 日,B 學士,614,574,694,778,762,870,755,921,0,0,0,0,0,0,235,118,01 新北市,1 一般
1021,真理大學,N 職,M 碩士,4,6,6,2,0,2,0,0,0,0,0,0,0,0,0,0,01 新北市,1 一般
1021,真理大學,P 進,B 學士,28,17,29,20,42,30,30,28,0,0,0,0,0,0,34,22,01 新北市,1 一般
1022,大同大學,D 日,D 博士,16,6,9,7,10,7,8,6,9,6,8,4,4,4,0,0,30 臺北市,1 一般
1022,大同大學,D 日,M 碩士,112,46,86,57,35,15,9,2,0,0,0,0,0,0,0,0,30 臺北市,1 一般
1022,大同大學,D 日,B 學士,513,373,516,374,551,331,591,289,0,0,0,0,0,0,174,32,30 臺北市,1 一般
1022,大同大學,N 職,M 碩士,45,18,56,23,56,10,31,6,33,9,0,0,0,0,0,0,30 臺北市,1 一般
1023,南臺科技大學,D 日,D 博士,20,5,14,2,10,3,15,1,5,1,4,0,4,1,0,0,11 臺南市,2 技職
1023,南臺科技大學,D 日,M 碩士,193,148,179,130,89,67,40,24,1,0,0,0,0,0,0,0,11 臺南市,2 技職
1023,南臺科技大學,D 日,B 四技,1735,1331,1764,1355,1736,1412,1692,1460,0,0,0,0,0,0,332,190,11 臺南市,2 技職
1023,南臺科技大學,D 日,C 二技,0,0,0,0,17,63,31,75,0,0,0,0,0,0,0,1,11 臺南市,2 技職
1023,南臺科技大學,N 職,M 碩士,78,85,60,51,34,27,11,15,14,5,19,4,0,0,0,0,11 臺南市,2 技職
1023,南臺科技大學,N 修,B 四技,652,394,644,370,529,403,479,397,0,0,0,0,0,0,177,122,11 臺南市,2 技職
1023,南臺科技大學,N 修,C 二技,0,0,0,0,26,42,25,31,0,0,0,0,0,0,5,6,11 臺南市,2 技職
1024,崑山科技大學,D 日,D 博士,6,3,5,1,1,4,7,1,2,0,3,0,1,0,0,0,11 臺南市,2 技職
1024,崑山科技大學,D 日,M 碩士,121,71,124,51,34,7,8,8,0,0,0,0,0,0,0,0,11 臺南市,2 技職
1024,崑山科技大學,D 日,B 四技,1015,756,1118,774,1170,789,1192,846,0,0,0,0,0,0,260,121,11 臺南市,2 技職
1024,崑山科技大學,D 日,C 二技,0,0,0,0,0,0,1,0,0,0,0,0,0,0,0,0,11 臺南市,2 技職
1024,崑山科技大學,N 職,M 碩士,60,19,43,19,14,3,16,2,0,0,0,0,0,0,0,0,11 臺南市,2 技職
1024,崑山科技大學,N 修,B 四技,612,304,472,226,559,262,401,277,0,0,0,0,0,0,129,62,11 臺南市,2 技職
1024,崑山科技大學,N 修,C 二技,0,0,0,0,62,38,65,26,0,0,0,0,0,0,3,0,11 臺南市,2 技職
1025,嘉南藥理大學,D 日,M 碩士,36,51,57,54,16,12,6,5,0,0,0,0,0,0,0,0,11 臺南市,2 技職
1025,嘉南藥理大學,D 日,B 四技,1145,1477,1202,1670,1294,1838,1209,1926,0,0,0,0,0,0,195,118,11 臺南市,2 技職
1025,嘉南藥理大學,D 日,C 二技,0,0,0,0,18,72,9,87,0,0,0,0,0,0,0,0,11 臺南市,2 技職
1025,嘉南藥理大學,N 職,M 碩士,58,53,53,51,9,16,0,0,1,2,0,1,0,0,0,0,11 臺南市,2 技職
1025,嘉南藥理大學,N 修,B 四技,376,375,197,240,296,324,338,306,0,0,0,0,0,0,85,68,11 臺南市,2 技職
1025,嘉南藥理大學,N 修,C 二技,0,0,0,0,48,176,21,92,0,0,0,0,0,0,1,2,11 臺南市,2 技職
1025,嘉南藥理大學,N 修,X 4+X,9,0,5,2,0,0,0,0,0,0,0,0,0,0,0,0,11 臺南市,2 技職
1026,樹德科技大學,D 日,D 博士,1,2,0,6,1,3,3,4,4,3,0,0,0,0,0,0,12 高雄市,2 技職
1026,樹德科技大學,D 日,M 碩士,70,51,54,45,14,22,20,19,0,0,0,0,0,0,0,0,12 高雄市,2 技職
1026,樹德科技大學,D 日,B 四技,714,1070,829,1094,853,1157,811,1097,0,0,0,0,0,0,195,136,12 高雄市,2 技職
1026,樹德科技大學,D 日,C 二技,0,0,0,0,3,5,8,9,0,0,0,0,0,0,0,0,12 高雄市,2 技職
1026,樹德科技大學,N 職,M 碩士,108,113,55,51,21,27,37,27,0,0,0,0,0,0,0,0,12 高雄市,2 技職
1026,樹德科技大學,N 修,B 四技,275,219,128,129,160,181,175,149,0,0,0,0,0,0,68,27,12 高雄市,2 技職
1026,樹德科技大學,N 修,C 二技,0,0,0,0,79,166,60,138,0,0,0,0,0,0,1,2,12 高雄市,2 技職
1027,慈濟大學,D 日,D 博士,12,4,13,10,11,12,7,6,7,5,2,5,7,9,0,0,15 花蓮縣,1 一般
1027,慈濟大學,D 日,M 碩士,45,76,38,84,27,42,14,24,0,0,0,0,0,0,0,0,15 花蓮縣,1 一般
1027,慈濟大學,D 日,B 學士,235,446,257,437,268,402,208,368,56,44,23,34,25,29,64,67,15 花蓮縣,1 一般
1027,慈濟大學,N 職,M 碩士,2,14,0,4,0,8,3,4,1,1,0,0,0,0,0,0,15 花蓮縣,1 一般
1028,臺北醫學大學,D 日,D 博士,52,39,60,36,32,26,29,32,25,25,31,17,31,18,0,0,30 臺北市,1 一般
1028,臺北醫學大學,D 日,M 碩士,100,172,81,162,30,47,14,14,0,0,0,0,0,0,0,0,30 臺北市,1 一般
1028,臺北醫學大學,D 日,B 學士,387,569,379,599,399,616,393,569,150,107,142,119,123,46,51,100,30 臺北市,1 一般
1028,臺北醫學大學,D 日,X 4+X,13,16,0,0,0,0,0,0,0,0,0,0,0,0,1,0,30 臺北市,1 一般
1028,臺北醫學大學,N 職,M 碩士,23,65,25,63,12,39,3,29,0,0,0,0,0,0,0,0,30 臺北市,1 一般
1028,臺北醫學大學,N 修,C 二技,0,0,0,0,0,0,0,0,0,0,0,0,0,0,0,1,30 臺北市,2 技職
1029,中山醫學大學,D 日,D 博士,26,14,26,11,25,15,25,12,15,8,13,6,12,5,0,0,19 臺中市,1 一般
1029,中山醫學大學,D 日,M 碩士,62,137,61,111,21,25,13,22,0,0,0,0,0,0,0,0,19 臺中市,1 一般
1029,中山醫學大學,D 日,B 學士,444,916,489,898,537,875,572,813,142,73,157,68,102,42,76,61,19 臺中市,1 一般
1029,中山醫學大學,N 職,M 碩士,12,45,22,50,2,12,2,2,1,0,0,0,0,0,0,0,19 臺中市,1 一般
1029,中山醫學大學,N 修,C 二技,0,0,0,0,11,29,22,18,15,23,0,0,0,0,5,5,19 臺中市,2 技職
1029,中山醫學大學,P 進,B 學士,0,0,0,0,0,1,4,7,0,0,0,0,0,0,9,10,19 臺中市,1 一般
1030,龍華科技大學,D 日,M 碩士,93,38,77,30,35,10,17,9,0,0,0,0,0,0,0,0,03 桃園市,2 技職
1030,龍華科技大學,D 日,B 四技,1027,511,957,533,944,545,1007,577,0,0,0,0,0,0,236,147,03 桃園市,2 技職
1030,龍華科技大學,D 日,C 二技,0,0,0,0,2,3,5,3,0,0,0,0,0,0,0,0,03 桃園市,2 技職
1030,龍華科技大學,D 日,2 二專,0,0,0,0,0,0,0,0,0,0,0,0,0,0,0,1,03 桃園市,2 技職
1030,龍華科技大學,D 日,5 五專,18,5,38,11,31,5,0,0,0,0,0,0,0,0,0,0,03 桃園市,2 技職
1030,龍華科技大學,N 職,M 碩士,48,27,84,33,8,0,12,0,0,0,0,0,0,0,0,0,03 桃園市,2 技職
1030,龍華科技大學,N 修,B 四技,838,313,674,237,647,253,541,241,0,0,0,0,0,0,119,50,03 桃園市,2 技職
1030,龍華科技大學,N 修,C 二技,0,0,0,0,0,0,26,16,0,0,0,0,0,0,2,2,03 桃園市,2 技職
1031,輔英科技大學,D 日,M 碩士,20,39,17,27,4,8,6,5,0,2,0,0,0,0,0,0,12 高雄市,2 技職
1031,輔英科技大學,D 日,B 四技,374,554,393,542,385,538,363,471,0,0,0,0,0,0,81,70,12 高雄市,2 技職
1031,輔英科技大學,D 日,C 二技,0,0,0,0,96,675,78,648,0,0,0,0,0,0,0,16,12 高雄市,2 技職
1031,輔英科技大學,D 日,X 4+X,0,10,0,0,0,0,0,0,0,0,0,0,0,0,0,0,12 高雄市,2 技職
1031,輔英科技大學,D 日,5 五專,54,487,44,466,55,455,55,499,49,490,0,0,0,0,13,35,12 高雄市,2 技職
1031,輔英科技大學,N 職,M 碩士,0,19,1,14,0,8,1,3,0,3,0,0,0,0,0,0,12 高雄市,2 技職
1031,輔英科技大學,N 修,B 四技,133,52,62,30,45,37,69,43,0,0,0,0,0,0,35,10,12 高雄市,2 技職
1031,輔英科技大學,N 修,C 二技,0,0,0,0,54,238,39,206,14,29,0,0,0,0,9,28,12 高雄市,2 技職
1032,明新科技大學,D 日,M 碩士,77,32,79,42,41,20,15,4,0,0,0,0,0,0,0,0,04 新竹縣,2 技職
1032,明新科技大學,D 日,B 四技,1154,688,1194,706,1171,826,1176,834,0,0,0,0,0,0,301,151,04 新竹縣,2 技職
1032,明新科技大學,N 職,M 碩士,83,26,71,19,32,2,16,1,16,0,6,3,0,0,0,0,04 新竹縣,2 技職
1032,明新科技大學,N 修,B 四技,485,294,418,280,493,361,434,331,0,0,0,0,0,0,246,93,04 新竹縣,2 技職
1032,明新科技大學,N 修,C 二技,0,0,0,0,8,11,17,31,0,0,0,0,0,0,0,3,04 新竹縣,2 技職
1032,明新科技大學,N 修,2 二專,7,7,9,3,0,0,0,0,0,0,0,0,0,0,1,1,04 新竹縣,2 技職
1033,長榮大學,D 日,D 博士,8,1,5,1,4,2,3,1,4,3,1,5,0,0,0,0,11 臺南市,1 一般
1033,長榮大學,D 日,M 碩士,64,85,46,62,35,56,19,35,1,4,0,0,0,0,0,0,11 臺南市,1 一般
1033,長榮大學,D 日,B 學士,757,938,846,1166,1052,1231,1043,1220,0,0,0,0,0,0,237,115,11 臺南市,1 一般
1033,長榮大學,N 職,M 碩士,18,22,20,14,9,11,6,10,8,7,0,0,0,0,0,0,11 臺南市,1 一般
1033,長榮大學,N 修,C 二技,0,0,0,0,0,0,0,0,0,0,0,0,0,0,0,1,11 臺南市,2 技職
1033,長榮大學,P 進,B 學士,136,99,52,30,42,39,54,33,0,0,0,0,0,0,14,5,11 臺南市,1 一般
1034,弘光科技大學,D 日,D 博士,1,3,0,3,0,0,0,0,0,0,0,0,0,0,0,0,06 臺中市,2 技職
1034,弘光科技大學,D 日,M 碩士,27,51,22,53,5,23,1,9,0,0,0,0,0,0,0,0,06 臺中市,2 技職
1034,弘光科技大學,D 日,B 四技,642,1139,664,1200,678,1074,645,1099,0,0,0,0,0,0,120,141,06 臺中市,2 技職
1034,弘光科技大學,D 日,C 二技,0,0,0,0,12,345,14,341,0,0,0,0,0,0,1,0,06 臺中市,2 技職
1034,弘光科技大學,D 日,5 五專,3,49,3,49,4,48,3,49,2,48,0,0,0,0,3,3,06 臺中市,2 技職
1034,弘光科技大學,N 職,M 碩士,10,21,12,22,4,18,3,11,0,0,0,0,0,0,0,0,06 臺中市,2 技職
1034,弘光科技大學,N 修,B 四技,423,488,335,421,304,426,275,385,11,18,0,0,0,0,88,73,06 臺中市,2 技職
1034,弘光科技大學,N 修,C 二技,0,0,0,0,17,306,15,297,14,265,0,0,0,0,0,10,06 臺中市,2 技職
1034,弘光科技大學,N 修,2 二專,14,76,0,17,0,0,0,0,0,0,0,0,0,0,1,2,06 臺中市,2 技職
1035,中國醫藥大學,D 日,D 博士,50,33,44,28,35,24,39,21,26,16,23,17,11,6,0,0,19 臺中市,1 一般
1035,中國醫藥大學,D 日,M 碩士,103,157,92,143,12,34,7,11,0,1,0,0,0,0,0,0,19 臺中市,1 一般
1035,中國醫藥大學,D 日,B 學士,513,731,547,720,540,725,569,694,327,323,166,132,154,95,85,74,19 臺中市,1 一般
1035,中國醫藥大學,N 職,M 碩士,15,16,10,22,4,6,0,1,0,0,0,0,0,0,0,0,19 臺中市,1 一般
1035,中國醫藥大學,N 修,C 二技,0,0,0,0,2,11,4,25,5,19,0,0,0,0,0,0,19 臺中市,2 技職
1036,健行科技大學,D 日,M 碩士,94,53,52,23,34,4,19,0,0,0,0,0,0,0,0,0,03 桃園市,2 技職
1036,健行科技大學,D 日,B 四技,985,539,944,545,1072,638,1221,610,0,0,0,0,0,0,267,90,03 桃園市,2 技職
1036,健行科技大學,D 日,C 二技,0,0,0,0,17,28,9,27,0,0,0,0,0,0,4,2,03 桃園市,2 技職
1036,健行科技大學,D 日,2 二專,0,0,0,0,0,0,0,0,0,0,0,0,0,0,1,0,03 桃園市,2 技職
1036,健行科技大學,D 日,5 五專,0,0,0,0,25,1,0,0,0,0,0,0,0,0,0,0,03 桃園市,2 技職
1036,健行科技大學,N 職,M 碩士,6,4,13,4,1,0,4,2,8,0,0,0,0,0,0,0,03 桃園市,2 技職
1036,健行科技大學,N 修,B 四技,723,338,429,208,471,303,386,278,0,0,0,0,0,0,116,53,03 桃園市,2 技職
1036,健行科技大學,N 修,C 二技,0,0,0,0,25,35,24,23,0,0,0,0,0,0,7,0,03 桃園市,2 技職
1037,正修科技大學,D 日,D 博士,3,0,2,0,4,0,1,0,0,0,1,0,1,0,0,0,12 高雄市,2 技職
1037,正修科技大學,D 日,M 碩士,102,67,88,68,28,13,11,8,0,0,0,0,0,0,0,0,12 高雄市,2 技職
1037,正修科技大學,D 日,B 四技,1190,982,1248,912,1247,983,1407,1010,0,0,0,0,0,0,189,55,12 高雄市,2 技職
1037,正修科技大學,N 職,M 碩士,56,38,39,23,12,3,1,0,0,0,0,0,0,0,0,0,12 高雄市,2 技職
1037,正修科技大學,N 修,B 四技,897,496,778,451,825,475,740,474,0,0,0,0,0,0,287,111,12 高雄市,2 技職
1037,正修科技大學,N 修,C 二技,0,0,0,0,318,423,224,360,0,0,0,0,0,0,16,11,12 高雄市,2 技職
1037,正修科技大學,N 修,2 二專,127,36,49,13,0,0,0,0,0,0,0,0,0,0,0,0,12 高雄市,2 技職
1038,萬能科技大學,D 日,M 碩士,32,33,24,17,18,4,6,6,0,0,0,0,0,0,0,0,03 桃園市,2 技職
1038,萬能科技大學,D 日,B 四技,872,730,743,725,711,690,725,691,0,0,0,0,0,0,161,73,03 桃園市,2 技職
1038,萬能科技大學,D 日,C 二技,0,0,0,0,0,0,5,9,0,0,0,0,0,0,1,0,03 桃園市,2 技職
1038,萬能科技大學,N 職,M 碩士,43,39,11,6,5,1,4,0,0,0,0,0,0,0,0,0,03 桃園市,2 技職
1038,萬能科技大學,N 修,B 四技,694,482,460,390,471,434,311,288,0,0,0,0,0,0,76,30,03 桃園市,2 技職
1038,萬能科技大學,N 修,C 二技,0,0,0,0,173,133,55,85,0,0,0,0,0,0,3,2,03 桃園市,2 技職
1039,玄奘大學,D 日,D 博士,0,0,0,0,0,0,0,0,0,1,2,0,3,1,0,0,18 新竹市,1 一般
1039,玄奘大學,D 日,M 碩士,31,30,45,54,65,78,0,1,0,1,0,0,0,0,0,0,18 新竹市,1 一般
1039,玄奘大學,D 日,B 學士,260,339,283,452,399,554,428,503,0,0,0,0,0,0,103,68,18 新竹市,1 一般
1039,玄奘大學,N 職,M 碩士,16,28,22,34,24,36,3,10,0,1,0,0,1,0,0,0,18 新竹市,1 一般
1039,玄奘大學,N 修,C 二技,0,0,0,0,0,0,0,0,0,0,0,0,0,0,0,1,18 新竹市,2 技職
1039,玄奘大學,P 進,B 學士,75,45,22,39,37,64,57,83,0,0,0,0,0,0,32,36,18 新竹市,1 一般
1040,建國科技大學,D 日,M 碩士,37,32,44,29,5,10,4,5,0,0,0,0,0,0,0,0,07 彰化縣,2 技職
1040,建國科技大學,D 日,B 四技,673,406,760,414,929,541,1030,608,0,0,0,0,0,0,155,62,07 彰化縣,2 技職
1040,建國科技大學,D 日,C 二技,0,0,0,0,0,0,1,0,0,0,0,0,0,0,0,0,07 彰化縣,2 技職
1040,建國科技大學,N 修,B 四技,461,141,354,126,232,99,239,106,0,0,0,0,0,0,32,12,07 彰化縣,2 技職
1040,建國科技大學,N 修,C 二技,0,0,0,0,86,32,108,64,0,0,0,0,0,0,2,0,07 彰化縣,2 技職
1041,明志科技大學,D 日,D 博士,3,1,1,0,0,0,0,0,0,0,0,0,0,0,0,0,01 新北市,2 技職
1041,明志科技大學,D 日,M 碩士,138,60,95,37,62,8,24,7,0,1,0,0,0,0,0,0,01 新北市,2 技職
1041,明志科技大學,D 日,B 四技,627,250,618,251,606,259,598,269,0,0,0,0,0,0,97,17,01 新北市,2 技職
1041,明志科技大學,D 日,C 二技,0,0,0,0,0,0,6,6,0,0,0,0,0,0,0,0,01 新北市,2 技職
1041,明志科技大學,N 職,M 碩士,8,1,8,1,6,0,4,0,2,0,1,0,0,0,0,0,01 新北市,2 技職
1041,明志科技大學,N 修,B 四技,131,18,86,39,54,30,75,33,0,0,0,0,0,0,16,6,01 新北市,2 技職
1041,明志科技大學,N 修,C 二技,0,0,0,0,0,0,0,0,0,0,0,0,0,0,1,0,01 新北市,2 技職
1042,高苑科技大學,D 日,M 碩士,38,13,34,14,13,8,4,2,0,0,0,0,0,0,0,0,12 高雄市,2 技職
1042,高苑科技大學,D 日,B 四技,491,171,580,208,746,305,774,364,0,0,0,0,0,0,148,47,12 高雄市,2 技職
1042,高苑科技大學,N 職,M 碩士,67,31,75,26,10,4,1,1,5,0,0,0,0,0,0,0,12 高雄市,2 技職
1042,高苑科技大學,N 修,B 四技,180,50,257,93,281,138,206,94,0,0,0,0,0,0,90,18,12 高雄市,2 技職
1043,大仁科技大學,D 日,M 碩士,20,21,11,8,5,0,2,0,0,0,0,0,0,0,0,0,13 屏東縣,2 技職
1043,大仁科技大學,D 日,B 四技,456,524,477,520,545,644,495,547,89,108,0,0,0,0,104,56,13 屏東縣,2 技職
1043,大仁科技大學,D 日,C 二技,0,0,0,0,1,2,0,19,0,0,0,0,0,0,0,0,13 屏東縣,2 技職
1043,大仁科技大學,N 職,M 碩士,61,52,17,13,5,3,2,0,0,0,0,0,0,0,0,0,13 屏東縣,2 技職
1043,大仁科技大學,N 修,B 四技,91,78,76,65,105,68,111,71,0,0,0,0,0,0,21,10,13 屏東縣,2 技職
1043,大仁科技大學,N 修,C 二技,0,0,0,0,189,504,85,296,0,0,0,0,0,0,2,36,13 屏東縣,2 技職
1044,聖約翰科技大學,D 日,M 碩士,42,10,38,6,16,0,20,2,0,0,0,0,0,0,0,0,01 新北市,2 技職
1044,聖約翰科技大學,D 日,B 四技,365,212,473,205,597,280,684,304,0,0,0,0,0,0,163,61,01 新北市,2 技職
1044,聖約翰科技大學,D 日,C 二技,0,0,0,0,0,2,1,1,0,0,0,0,0,0,0,0,01 新北市,2 技職
1044,聖約翰科技大學,D 日,5 五專,60,14,79,26,73,26,0,0,0,0,0,0,0,0,0,0,01 新北市,2 技職
1044,聖約翰科技大學,N 職,M 碩士,22,9,18,10,6,2,1,1,0,0,0,0,0,0,0,0,01 新北市,2 技職
1044,聖約翰科技大學,N 修,B 四技,11,10,8,6,18,16,27,23,0,0,0,0,0,0,13,6,01 新北市,2 技職
1045,嶺東科技大學,D 日,M 碩士,46,50,40,51,16,8,6,15,0,0,0,0,0,0,0,0,19 臺中市,2 技職
1045,嶺東科技大學,D 日,B 四技,629,1154,708,1105,686,1059,662,1131,0,0,0,0,0,0,107,92,19 臺中市,2 技職
1045,嶺東科技大學,D 日,C 二技,0,0,0,0,1,0,1,0,0,0,0,0,0,0,0,0,19 臺中市,2 技職
1045,嶺東科技大學,N 職,M 碩士,51,27,30,11,3,1,0,0,0,0,0,0,0,0,0,0,19 臺中市,2 技職
1045,嶺東科技大學,N 修,B 四技,425,365,299,290,282,296,260,255,0,0,0,0,0,0,95,55,19 臺中市,2 技職
1046,中國科技大學,D 日,M 碩士,44,32,29,27,12,4,4,4,0,0,0,0,0,0,0,0,30 臺北市,2 技職
1046,中國科技大學,D 日,B 四技,845,992,920,1248,903,1302,877,1332,0,0,0,0,0,0,151,137,30 臺北市,2 技職
1046,中國科技大學,D 日,C 二技,0,0,0,0,0,0,1,2,0,0,0,0,0,0,0,0,30 臺北市,2 技職
1046,中國科技大學,N 職,M 碩士,23,7,8,6,1,1,0,0,0,0,0,0,0,0,0,0,30 臺北市,2 技職
1046,中國科技大學,N 修,B 四技,234,133,216,191,253,240,262,270,0,0,0,0,0,0,112,83,30 臺北市,2 技職
1046,中國科技大學,N 修,X 4+X,24,22,3,14,0,0,0,0,0,0,0,0,0,0,0,0,30 臺北市,2 技職
1047,中臺科技大學,D 日,D 博士,3,1,4,0,4,0,1,1,3,0,2,0,1,0,0,0,19 臺中市,2 技職
1047,中臺科技大學,D 日,M 碩士,16,36,23,37,7,11,2,1,0,5,0,0,0,0,0,0,19 臺中市,2 技職
1047,中臺科技大學,D 日,B 四技,462,699,558,729,507,783,492,817,0,0,0,0,0,0,134,152,19 臺中市,2 技職
1047,中臺科技大學,D 日,C 二技,0,0,0,0,37,209,37,221,0,0,0,0,0,0,7,16,19 臺中市,2 技職
1047,中臺科技大學,N 職,M 碩士,24,85,12,64,4,27,1,26,0,0,0,0,0,0,0,0,19 臺中市,2 技職
1047,中臺科技大學,N 修,B 四技,174,269,140,246,128,204,126,212,0,0,0,0,0,0,71,115,19 臺中市,2 技職
1047,中臺科技大學,N 修,C 二技,0,0,0,0,41,302,53,356,34,251,0,0,0,0,4,20,19 臺中市,2 技職
1048,亞洲大學,D 日,D 博士,29,22,28,10,16,9,19,10,10,10,6,4,6,3,0,0,06 臺中市,1 一般
1048,亞洲大學,D 日,M 碩士,116,156,87,80,37,54,24,45,0,1,0,0,0,0,0,0,06 臺中市,1 一般
1048,亞洲大學,D 日,B 學士,832,1529,858,1507,885,1519,944,1424,0,0,0,0,0,0,259,136,06 臺中市,1 一般
1048,亞洲大學,N 職,M 碩士,122,129,81,24,14,14,8,5,0,0,0,0,0,0,0,0,06 臺中市,1 一般
1048,亞洲大學,P 進,B 學士,102,115,89,142,108,122,112,131,0,0,0,0,0,0,86,44,06 臺中市,1 一般
1049,開南大學,D 日,M 碩士,49,38,32,29,24,22,14,11,1,0,1,0,0,0,0,0,03 桃園市,1 一般
1049,開南大學,D 日,B 學士,497,488,514,634,729,824,755,792,0,0,0,0,0,0,266,128,03 桃園市,1 一般
1049,開南大學,N 職,M 碩士,115,57,60,39,17,11,17,10,10,1,6,0,0,0,0,0,03 桃園市,1 一般
1049,開南大學,P 進,B 學士,158,143,128,111,142,104,135,116,0,0,0,0,0,0,63,39,03 桃園市,1 一般
1050,佛光大學,D 日,D 博士,4,8,3,6,7,5,7,2,2,4,1,6,1,0,0,0,02 宜蘭縣,1 一般
1050,佛光大學,D 日,M 碩士,84,114,55,89,30,54,50,52,0,0,1,0,0,0,0,0,02 宜蘭縣,1 一般
1050,佛光大學,D 日,B 學士,334,364,355,401,339,389,326,394,0,0,0,0,0,0,93,55,02 宜蘭縣,1 一般
1050,佛光大學,N 職,M 碩士,39,40,31,21,13,7,9,8,16,2,0,0,1,0,0,0,02 宜蘭縣,1 一般
1051,台南應用科技大學,D 日,M 碩士,8,39,9,25,6,17,4,10,0,0,0,0,0,0,0,0,11 臺南市,2 技職
1051,台南應用科技大學,D 日,B 四技,592,1480,633,1424,550,1431,512,1410,0,0,0,0,0,0,68,93,11 臺南市,2 技職
1051,台南應用科技大學,D 日,C 二技,0,0,0,0,66,207,31,243,0,0,0,0,0,0,19,25,11 臺南市,2 技職
1051,台南應用科技大學,D 日,5 五專,40,179,49,202,51,199,44,192,53,172,0,0,0,0,0,0,11 臺南市,2 技職
1051,台南應用科技大學,N 職,M 碩士,11,24,14,22,2,30,1,14,0,2,0,0,0,0,0,0,11 臺南市,2 技職
1051,台南應用科技大學,N 修,B 四技,239,408,188,351,163,348,153,296,0,0,0,0,0,0,56,75,11 臺南市,2 技職
1051,台南應用科技大學,N 修,C 二技,0,0,0,0,26,117,14,81,0,0,0,0,0,0,4,11,11 臺南市,2 技職
1052,遠東科技大學,D 日,M 碩士,62,44,57,15,13,2,14,3,0,0,0,0,0,0,0,0,11 臺南市,2 技職
1052,遠東科技大學,D 日,B 四技,736,356,679,381,840,545,939,579,0,0,0,0,0,0,192,57,11 臺南市,2 技職
1052,遠東科技大學,N 職,M 碩士,8,0,5,0,3,0,2,1,4,0,6,0,0,0,0,0,11 臺南市,2 技職
1052,遠東科技大學,N 修,B 四技,119,44,93,48,92,57,87,44,0,0,0,0,0,0,11,2,11 臺南市,2 技職
1052,遠東科技大學,N 修,C 二技,0,0,0,0,34,2,29,2,0,0,0,0,0,0,0,0,11 臺南市,2 技職
1052,遠東科技大學,N 修,2 二專,21,2,17,0,0,0,0,0,0,0,0,0,0,0,0,0,11 臺南市,2 技職
1053,元培醫事科技大學,D 日,M 碩士,44,47,32,37,17,25,8,7,0,0,0,0,0,0,0,0,18 新竹市,2 技職
1053,元培醫事科技大學,D 日,B 四技,513,595,428,562,585,652,530,648,0,0,0,0,0,0,183,85,18 新竹市,2 技職
1053,元培醫事科技大學,D 日,C 二技,0,0,0,0,2,46,2,47,0,0,0,0,0,0,0,0,18 新竹市,2 技職
1053,元培醫事科技大學,N 職,M 碩士,7,12,5,5,0,3,0,0,0,0,0,0,0,0,0,0,18 新竹市,2 技職
1053,元培醫事科技大學,N 修,B 四技,140,134,118,132,75,43,65,57,0,0,0,0,0,0,34,19,18 新竹市,2 技職
1053,元培醫事科技大學,N 修,C 二技,0,0,0,0,55,127,68,202,4,33,0,0,0,0,2,2,18 新竹市,2 技職
1054,景文科技大學,D 日,M 碩士,15,12,19,7,4,1,3,0,0,0,0,0,0,0,0,0,01 新北市,2 技職
1054,景文科技大學,D 日,B 四技,580,675,489,591,543,701,544,789,0,0,0,0,0,0,220,190,01 新北市,2 技職
1054,景文科技大學,D 日,C 二技,0,0,0,0,0,1,3,2,0,0,0,0,0,0,0,0,01 新北市,2 技職
1054,景文科技大學,N 職,M 碩士,27,15,25,19,7,1,2,1,0,0,0,0,0,0,0,0,01 新北市,2 技職
1054,景文科技大學,N 修,B 四技,227,223,181,139,162,189,150,185,0,0,0,0,0,0,45,27,01 新北市,2 技職
1054,景文科技大學,N 修,C 二技,0,0,0,0,39,88,56,100,0,0,0,0,0,0,1,1,01 新北市,2 技職
1055,中華醫事科技大學,D 日,M 碩士,25,25,22,21,10,8,1,0,0,0,0,0,0,0,0,0,11 臺南市,2 技職
1055,中華醫事科技大學,D 日,B 四技,319,512,391,508,482,603,491,586,0,0,0,0,0,0,89,82,11 臺南市,2 技職
1055,中華醫事科技大學,D 日,C 二技,0,0,0,0,83,256,83,283,0,0,0,0,0,0,6,3,11 臺南市,2 技職
1055,中華醫事科技大學,D 日,2 二專,28,22,34,25,0,0,0,0,0,0,0,0,0,0,0,1,11 臺南市,2 技職
1055,中華醫事科技大學,D 日,5 五專,142,519,141,499,120,422,72,331,87,301,0,0,0,0,11,24,11 臺南市,2 技職
1055,中華醫事科技大學,N 職,M 碩士,4,2,5,7,0,0,0,0,0,0,0,0,0,0,0,0,11 臺南市,2 技職
1055,中華醫事科技大學,N 修,B 四技,90,106,63,98,78,88,69,103,3,25,0,0,0,0,39,34,11 臺南市,2 技職
1055,中華醫事科技大學,N 修,C 二技,0,0,0,0,84,218,75,258,22,80,0,0,0,0,5,16,11 臺南市,2 技職
1056,東南科技大學,D 日,M 碩士,51,12,57,15,14,1,4,1,0,0,0,0,0,0,0,0,01 新北市,2 技職
1056,東南科技大學,D 日,B 四技,847,408,758,417,926,471,896,496,0,0,0,0,0,0,278,83,01 新北市,2 技職
1056,東南科技大學,N 職,M 碩士,28,2,14,7,4,1,2,0,0,0,0,0,0,0,0,0,01 新北市,2 技職
1056,東南科技大學,N 修,B 四技,91,21,56,11,85,21,77,32,0,0,0,0,0,0,30,8,01 新北市,2 技職
1056,東南科技大學,N 修,C 二技,0,0,0,0,0,0,11,2,0,0,0,0,0,0,3,0,01 新北市,2 技職
1057,德明財經科技大學,D 日,M 碩士,12,9,12,9,7,0,4,1,0,0,0,0,0,0,0,0,30 臺北市,2 技職
1057,德明財經科技大學,D 日,B 四技,634,937,704,1031,646,1073,595,1117,0,0,0,0,0,0,161,170,30 臺北市,2 技職
1057,德明財經科技大學,D 日,C 二技,0,0,0,0,8,75,19,46,0,0,0,0,0,0,2,0,30 臺北市,2 技職
1057,德明財經科技大學,N 職,M 碩士,12,10,12,16,9,1,2,0,0,0,0,0,0,0,0,0,30 臺北市,2 技職
1057,德明財經科技大學,N 修,B 四技,81,56,111,112,105,155,140,173,0,0,0,0,0,0,58,31,30 臺北市,2 技職
1057,德明財經科技大學,N 修,C 二技,0,0,0,0,8,24,20,11,0,0,0,0,0,0,1,0,30 臺北市,2 技職
1058,明道大學,D 日,D 博士,3,4,2,2,3,3,3,0,0,0,0,0,0,0,0,0,07 彰化縣,1 一般
1058,明道大學,D 日,M 碩士,42,53,39,23,19,12,6,12,0,0,0,0,0,0,0,0,07 彰化縣,1 一般
1058,明道大學,D 日,B 學士,359,286,439,317,484,413,457,346,0,0,0,0,0,0,85,28,07 彰化縣,1 一般
1058,明道大學,N 職,M 碩士,18,38,7,8,0,3,0,0,0,0,0,0,0,0,0,0,07 彰化縣,1 一般
1058,明道大學,P 進,B 學士,162,88,95,76,152,79,163,90,0,0,0,0,0,0,36,14,07 彰化縣,1 一般
1060,南開科技大學,D 日,M 碩士,28,19,29,10,11,3,6,3,0,0,0,0,0,0,0,0,08 南投縣,2 技職
1060,南開科技大學,D 日,B 四技,405,224,461,232,587,289,533,284,0,0,0,0,0,0,126,36,08 南投縣,2 技職
1060,南開科技大學,D 日,C 二技,0,0,0,0,19,9,22,5,0,0,0,0,0,0,1,0,08 南投縣,2 技職
1060,南開科技大學,D 日,5 五專,120,22,168,36,200,43,113,29,106,38,0,0,0,0,23,8,08 南投縣,2 技職
1060,南開科技大學,N 職,M 碩士,16,25,14,19,6,17,5,2,0,0,0,0,0,0,0,0,08 南投縣,2 技職
1060,南開科技大學,N 修,B 四技,105,60,106,66,140,80,163,90,0,0,0,0,0,0,38,17,08 南投縣,2 技職
1061,中華科技大學,D 日,M 碩士,72,27,86,25,9,5,3,1,0,0,0,0,0,0,0,0,30 臺北市,2 技職
1061,中華科技大學,D 日,B 四技,622,319,708,371,850,467,899,448,0,0,0,0,0,0,242,85,30 臺北市,2 技職
1061,中華科技大學,D 日,C 二技,0,0,0,0,10,19,1,17,0,0,0,0,0,0,0,1,30 臺北市,2 技職
1061,中華科技大學,N 職,M 碩士,38,11,35,13,3,0,0,0,0,0,0,0,0,0,0,0,30 臺北市,2 技職
1061,中華科技大學,N 修,B 四技,178,38,175,27,136,39,143,53,0,0,0,0,0,0,44,8,30 臺北市,2 技職
1061,中華科技大學,N 修,C 二技,0,0,0,0,91,66,69,64,0,0,0,0,0,0,3,2,30 臺北市,2 技職
1061,中華科技大學,N 修,2 二專,0,0,2,13,0,0,0,0,0,0,0,0,0,0,0,0,30 臺北市,2 技職
1062,僑光科技大學,D 日,M 碩士,11,11,7,11,4,0,2,4,0,0,0,0,0,0,0,0,19 臺中市,2 技職
1062,僑光科技大學,D 日,B 四技,665,917,663,974,614,997,554,1028,0,0,0,0,0,0,73,63,19 臺中市,2 技職
1062,僑光科技大學,D 日,C 二技,0,0,0,0,0,0,0,1,0,0,0,0,0,0,0,0,19 臺中市,2 技職
1062,僑光科技大學,D 日,5 五專,0,0,0,0,0,0,0,0,0,0,0,0,0,0,1,0,19 臺中市,2 技職
1062,僑光科技大學,N 職,M 碩士,13,5,10,4,1,0,0,0,0,0,0,0,0,0,0,0,19 臺中市,2 技職
1062,僑光科技大學,N 修,B 四技,672,552,576,472,463,442,375,429,0,0,0,0,0,0,119,77,19 臺中市,2 技職
1062,僑光科技大學,N 修,C 二技,0,0,0,0,0,0,13,15,0,0,0,0,0,0,0,1,19 臺中市,2 技職
1062,僑光科技大學,N 修,2 二專,0,0,4,6,0,0,0,0,0,0,0,0,0,0,5,2,19 臺中市,2 技職
1063,育達科技大學,D 日,M 碩士,33,39,24,10,9,3,5,4,0,0,0,0,0,0,0,0,05 苗栗縣,2 技職
1063,育達科技大學,D 日,B 四技,214,227,264,281,334,385,341,416,0,0,0,0,0,0,126,90,05 苗栗縣,2 技職
1063,育達科技大學,N 職,M 碩士,56,53,31,20,10,4,4,1,1,0,0,0,0,0,0,0,05 苗栗縣,2 技職
1063,育達科技大學,N 修,B 四技,179,119,143,124,134,107,123,116,0,0,0,0,0,0,48,20,05 苗栗縣,2 技職
1063,育達科技大學,N 修,C 二技,0,0,0,0,110,170,70,124,0,0,0,0,0,0,1,9,05 苗栗縣,2 技職
1064,美和科技大學,D 日,M 碩士,28,42,23,24,4,8,0,5,0,0,0,0,0,0,0,0,13 屏東縣,2 技職
1064,美和科技大學,D 日,B 四技,319,417,336,437,357,455,363,451,0,0,0,0,0,0,57,42,13 屏東縣,2 技職
1064,美和科技大學,D 日,C 二技,0,0,0,0,24,174,22,199,0,0,0,0,0,0,0,5,13 屏東縣,2 技職
1064,美和科技大學,D 日,5 五專,48,340,71,331,39,308,27,295,28,256,0,0,0,0,4,23,13 屏東縣,2 技職
1064,美和科技大學,N 職,M 碩士,24,51,37,74,9,10,5,2,0,0,0,0,0,0,0,0,13 屏東縣,2 技職
1064,美和科技大學,N 修,B 四技,80,164,75,141,74,72,80,96,0,0,0,0,0,0,22,18,13 屏東縣,2 技職
1064,美和科技大學,N 修,C 二技,0,0,0,0,44,371,29,324,0,0,0,0,0,0,15,63,13 屏東縣,2 技職
1064,美和科技大學,N 修,2 二專,0,0,19,5,0,0,0,0,0,0,0,0,0,0,0,0,13 屏東縣,2 技職
1065,吳鳳科技大學,D 日,M 碩士,17,12,15,9,4,3,1,0,0,0,0,0,0,0,0,0,10 嘉義縣,2 技職
1065,吳鳳科技大學,D 日,B 四技,538,242,560,291,630,312,639,285,0,0,0,0,0,0,107,20,10 嘉義縣,2 技職
1065,吳鳳科技大學,N 職,M 碩士,24,18,15,11,1,0,1,0,0,0,0,0,0,0,0,0,10 嘉義縣,2 技職
1065,吳鳳科技大學,N 修,B 四技,158,56,135,36,181,65,209,78,0,0,0,0,0,0,30,6,10 嘉義縣,2 技職
1066,環球科技大學,D 日,M 碩士,37,34,26,27,6,4,3,4,0,0,0,0,0,0,0,0,09 雲林縣,2 技職
1066,環球科技大學,D 日,B 四技,327,378,331,394,464,486,503,556,0,0,0,0,0,0,67,46,09 雲林縣,2 技職
1066,環球科技大學,D 日,C 二技,0,0,0,0,0,0,0,3,0,0,0,0,0,0,0,0,09 雲林縣,2 技職
1066,環球科技大學,N 職,M 碩士,25,5,7,7,2,2,0,0,0,1,0,0,0,0,0,0,09 雲林縣,2 技職
1066,環球科技大學,N 修,B 四技,103,90,134,120,146,172,124,134,0,0,0,0,0,0,19,5,09 雲林縣,2 技職
1066,環球科技大學,N 修,C 二技,0,0,0,0,35,105,39,82,0,0,0,0,0,0,0,0,09 雲林縣,2 技職
1066,環球科技大學,N 修,2 二專,57,56,74,55,0,0,0,0,0,0,0,0,0,0,0,0,09 雲林縣,2 技職
1067,台灣首府大學,D 日,M 碩士,12,19,8,17,3,0,0,1,0,0,0,0,0,0,0,0,11 臺南市,1 一般
1067,台灣首府大學,D 日,B 學士,211,200,171,205,292,299,380,311,0,0,0,0,0,0,69,34,11 臺南市,1 一般
1067,台灣首府大學,N 修,C 二技,0,0,0,0,0,0,10,23,0,0,0,0,0,0,0,0,11 臺南市,2 技職
1067,台灣首府大學,P 進,B 學士,62,22,60,40,82,39,64,62,0,0,0,0,0,0,25,9,11 臺南市,1 一般
1068,中州科技大學,D 日,M 碩士,21,2,8,8,4,3,2,1,3,0,1,0,0,0,0,0,07 彰化縣,2 技職
1068,中州科技大學,D 日,B 四技,169,130,220,174,374,244,344,249,0,0,0,0,0,0,44,15,07 彰化縣,2 技職
1068,中州科技大學,D 日,C 二技,0,0,0,0,0,0,1,0,0,0,0,0,0,0,0,0,07 彰化縣,2 技職
1068,中州科技大學,N 職,M 碩士,21,4,2,0,1,0,1,0,1,0,0,1,0,0,0,0,07 彰化縣,2 技職
1068,中州科技大學,N 修,B 四技,178,78,120,57,140,97,130,79,0,0,0,0,0,0,15,2,07 彰化縣,2 技職
1068,中州科技大學,N 修,C 二技,0,0,0,0,130,335,15,48,0,0,0,0,0,0,0,1,07 彰化縣,2 技職
1069,修平科技大學,D 日,M 碩士,14,7,17,6,4,0,0,0,0,0,0,0,0,0,0,0,06 臺中市,2 技職
1069,修平科技大學,D 日,B 四技,498,230,624,341,734,449,771,478,0,0,0,0,0,0,144,70,06 臺中市,2 技職
1069,修平科技大學,N 職,M 碩士,5,1,4,1,1,0,0,0,0,0,0,0,0,0,0,0,06 臺中市,2 技職
1069,修平科技大學,N 修,B 四技,227,34,144,35,149,25,131,19,0,0,0,0,0,0,41,1,06 臺中市,2 技職
1069,修平科技大學,N 修,2 二專,0,0,6,0,0,0,0,0,0,0,0,0,0,0,0,0,06 臺中市,2 技職
1070,長庚科技大學,D 日,M 碩士,0,28,0,21,0,7,0,2,0,0,0,0,0,0,0,0,03 桃園市,2 技職
1070,長庚科技大學,D 日,B 四技,114,793,128,784,94,655,57,545,0,0,0,0,0,0,0,11,03 桃園市,2 技職
1070,長庚科技大學,D 日,C 二技,0,0,0,0,32,694,13,705,0,0,0,0,0,0,2,3,03 桃園市,2 技職
1070,長庚科技大學,D 日,5 五專,0,0,0,0,7,108,17,197,14,205,0,0,0,0,2,7,03 桃園市,2 技職
1070,長庚科技大學,N 職,M 碩士,1,28,0,28,0,19,0,4,0,3,0,0,0,0,0,0,03 桃園市,2 技職
1070,長庚科技大學,N 修,C 二技,0,0,0,0,39,622,39,595,3,79,0,0,0,0,1,6,03 桃園市,2 技職
1071,臺北城市科技大學,D 日,M 碩士,32,4,30,12,12,3,9,2,0,0,0,0,0,0,0,0,30 臺北市,2 技職
1071,臺北城市科技大學,D 日,B 四技,1051,654,1060,627,1047,693,1025,688,0,0,0,0,0,0,267,161,30 臺北市,2 技職
1071,臺北城市科技大學,D 日,C 二技,0,0,0,0,0,0,0,0,0,0,0,0,0,0,1,0,30 臺北市,2 技職
1071,臺北城市科技大學,D 日,2 二專,0,0,0,0,0,0,0,0,0,0,0,0,0,0,1,0,30 臺北市,2 技職
1071,臺北城市科技大學,D 日,5 五專,148,67,247,96,230,97,142,71,183,82,0,0,0,0,18,10,30 臺北市,2 技職
1071,臺北城市科技大學,N 修,B 四技,214,76,121,47,117,32,138,48,0,0,0,0,0,0,51,13,30 臺北市,2 技職
1071,臺北城市科技大學,N 修,2 二專,14,13,11,9,0,0,0,0,0,0,0,0,0,0,1,2,30 臺北市,2 技職
1072,大華科技大學,D 日,M 碩士,6,0,5,0,5,0,5,0,0,0,1,0,0,0,0,0,04 新竹縣,2 技職
1072,大華科技大學,D 日,B 四技,79,34,40,30,115,74,168,90,0,0,0,0,0,0,80,32,04 新竹縣,2 技職
1072,大華科技大學,D 日,C 二技,0,0,0,0,16,14,12,13,0,0,0,0,0,0,1,2,04 新竹縣,2 技職
1072,大華科技大學,D 日,5 五專,78,44,69,53,104,59,63,49,129,84,0,0,0,0,14,16,04 新竹縣,2 技職
1072,大華科技大學,N 修,B 四技,107,19,66,21,98,36,54,33,0,0,0,0,0,0,29,5,04 新竹縣,2 技職
1072,大華科技大學,N 修,C 二技,0,0,0,0,263,120,327,93,0,0,0,0,0,0,2,0,04 新竹縣,2 技職
1072,大華科技大學,N 修,2 二專,40,9,18,14,0,0,0,0,0,0,0,0,0,0,2,0,04 新竹縣,2 技職
1073,醒吾科技大學,D 日,M 碩士,22,11,14,7,5,1,0,0,0,0,0,0,0,0,0,0,01 新北市,2 技職
1073,醒吾科技大學,D 日,B 四技,638,851,527,757,578,898,516,948,0,0,0,0,0,0,101,73,01 新北市,2 技職
1073,醒吾科技大學,D 日,C 二技,0,0,0,0,0,0,1,0,0,0,0,0,0,0,0,0,01 新北市,2 技職
1073,醒吾科技大學,D 日,5 五專,48,75,95,133,98,165,55,95,65,169,0,0,0,0,4,4,01 新北市,2 技職
1073,醒吾科技大學,N 職,M 碩士,28,21,12,4,7,1,2,4,6,1,0,0,0,0,0,0,01 新北市,2 技職
1073,醒吾科技大學,N 修,B 四技,157,186,137,158,118,118,104,128,0,0,0,0,0,0,34,18,01 新北市,2 技職
1074,南榮科技大學,D 日,M 碩士,8,7,6,5,3,2,0,0,0,0,0,0,0,0,0,0,11 臺南市,2 技職
1074,南榮科技大學,D 日,B 四技,68,50,105,74,190,152,276,153,0,0,0,0,0,0,37,17,11 臺南市,2 技職
1074,南榮科技大學,D 日,C 二技,0,0,0,0,9,0,14,0,0,0,0,0,0,0,0,0,11 臺南市,2 技職
1074,南榮科技大學,D 日,5 五專,11,0,25,9,25,12,26,12,33,9,0,0,0,0,8,5,11 臺南市,2 技職
1074,南榮科技大學,N 職,M 碩士,5,7,9,3,0,0,0,0,0,0,0,0,0,0,0,0,11 臺南市,2 技職
1074,南榮科技大學,N 修,B 四技,51,25,57,29,110,51,140,102,0,0,0,0,0,0,38,19,11 臺南市,2 技職
1074,南榮科技大學,N 修,C 二技,0,0,0,0,27,13,9,7,0,0,0,0,0,0,1,0,11 臺南市,2 技職
1074,南榮科技大學,N 修,2 二專,77,28,26,19,0,0,0,0,0,0,0,0,0,0,3,4,11 臺南市,2 技職
1075,文藻外語大學,D 日,M 碩士,16,34,15,40,7,29,5,17,0,0,0,0,0,0,0,0,50 高雄市,2 技職
1075,文藻外語大學,D 日,B 四技,297,966,307,912,276,980,200,966,0,0,0,0,0,0,81,244,50 高雄市,2 技職
1075,文藻外語大學,D 日,C 二技,0,0,0,0,17,100,22,110,0,0,0,0,0,0,5,19,50 高雄市,2 技職
1075,文藻外語大學,D 日,5 五專,51,268,53,258,65,288,53,278,53,271,0,0,0,0,9,25,50 高雄市,2 技職
1075,文藻外語大學,N 職,M 碩士,6,12,4,14,3,10,5,3,1,4,0,0,0,0,0,0,50 高雄市,2 技職
1075,文藻外語大學,N 修,B 四技,207,353,126,293,101,260,73,232,0,0,0,0,0,0,49,141,50 高雄市,2 技職
1075,文藻外語大學,N 修,C 二技,0,0,0,0,25,67,9,55,0,0,0,0,0,0,10,19,50 高雄市,2 技職
1076,華夏科技大學,D 日,M 碩士,15,0,16,2,7,0,0,0,0,0,0,0,0,0,0,0,01 新北市,2 技職
1076,華夏科技大學,D 日,B 四技,393,243,339,211,476,238,446,242,0,0,0,0,0,0,81,36,01 新北市,2 技職
1076,華夏科技大學,D 日,C 二技,0,0,0,0,36,15,33,5,0,0,0,0,0,0,0,0,01 新北市,2 技職
1076,華夏科技大學,D 日,5 五專,99,13,156,15,114,18,71,15,70,17,0,0,0,0,6,1,01 新北市,2 技職
1076,華夏科技大學,N 職,M 碩士,17,8,14,8,8,0,8,2,0,0,0,0,0,0,0,0,01 新北市,2 技職
1076,華夏科技大學,N 修,B 四技,90,69,99,64,141,69,137,79,0,0,0,0,0,0,43,13,01 新北市,2 技職
1076,華夏科技大學,N 修,C 二技,0,0,0,0,96,95,60,15,0,0,0,0,0,0,6,2,01 新北市,2 技職
1076,華夏科技大學,N 修,2 二專,32,48,65,68,0,0,0,0,0,0,0,0,0,0,8,6,01 新北市,2 技職
1077,慈濟科技大學,D 日,M 碩士,5,12,6,2,1,0,0,3,0,0,0,0,0,0,0,0,15 花蓮縣,2 技職
1077,慈濟科技大學,D 日,B 四技,128,213,142,180,134,131,140,151,0,0,0,0,0,0,37,20,15 花蓮縣,2 技職
1077,慈濟科技大學,D 日,C 二技,0,0,0,0,11,128,8,138,0,0,0,0,0,0,0,0,15 花蓮縣,2 技職
1077,慈濟科技大學,D 日,5 五專,39,221,31,224,24,222,27,210,23,200,0,0,0,0,5,23,15 花蓮縣,2 技職
1077,慈濟科技大學,N 修,C 二技,0,0,0,0,3,41,3,51,0,0,0,0,0,0,2,8,15 花蓮縣,2 技職
1078,致理科技大學,D 日,M 碩士,4,14,5,14,1,11,0,1,0,0,0,0,0,0,0,0,01 新北市,2 技職
1078,致理科技大學,D 日,B 四技,473,1046,487,1038,481,1042,425,1080,0,0,0,0,0,0,152,135,01 新北市,2 技職
1078,致理科技大學,D 日,C 二技,0,0,0,0,28,122,24,99,0,0,0,0,0,0,7,10,01 新北市,2 技職
1078,致理科技大學,D 日,2 二專,0,0,0,0,0,0,0,0,0,0,0,0,0,0,1,2,01 新北市,2 技職
1078,致理科技大學,D 日,5 五專,53,274,66,259,60,270,63,246,41,263,0,0,0,0,13,11,01 新北市,2 技職
1078,致理科技大學,N 職,M 碩士,5,12,1,10,1,8,0,0,0,5,0,0,0,0,0,0,01 新北市,2 技職
1078,致理科技大學,N 修,B 四技,295,502,224,468,268,444,213,499,0,0,0,0,0,0,84,109,01 新北市,2 技職
1078,致理科技大學,N 修,C 二技,0,0,0,0,0,0,45,96,0,0,0,0,0,0,6,8,01 新北市,2 技職
1079,康寧大學,D 日,M 碩士,30,64,16,31,2,2,6,2,0,0,0,0,0,0,0,0,30 臺北市,1 一般
1079,康寧大學,D 日,B 學士,95,76,82,81,121,102,146,168,0,0,0,0,0,0,36,19,30 臺北市,1 一般
1079,康寧大學,D 日,2 二專,0,0,5,13,0,0,0,0,0,0,0,0,0,0,0,1,30 臺北市,2 技職
1079,康寧大學,D 日,5 五專,148,433,144,476,126,493,113,410,117,408,0,0,0,0,8,13,30 臺北市,2 技職
1079,康寧大學,N 職,M 碩士,22,53,25,24,4,5,4,2,0,0,0,0,0,0,0,0,30 臺北市,1 一般
1079,康寧大學,N 修,2 二專,32,128,43,130,0,0,0,0,0,0,0,0,0,0,1,8,30 臺北市,2 技職
1079,康寧大學,P 進,B 學士,97,63,66,30,83,67,53,35,0,0,0,0,0,0,3,3,30 臺北市,1 一般
1080,宏國德霖科技大學,D 日,B 四技,366,261,406,244,411,299,419,317,0,0,0,0,0,0,91,38,01 新北市,2 技職
1080,宏國德霖科技大學,D 日,C 二技,0,0,0,0,9,40,8,29,0,0,0,0,0,0,0,0,01 新北市,2 技職
1080,宏國德霖科技大學,D 日,5 五專,160,98,232,121,189,108,162,97,186,112,0,0,0,0,16,8,01 新北市,2 技職
1080,宏國德霖科技大學,N 修,B 四技,175,132,219,123,224,137,166,97,0,0,0,0,0,0,36,13,01 新北市,2 技職
1080,宏國德霖科技大學,N 修,C 二技,0,0,0,0,188,134,142,84,0,0,0,0,0,0,9,3,01 新北市,2 技職
1080,宏國德霖科技大學,N 修,2 二專,59,53,84,54,0,0,0,0,0,0,0,0,0,0,7,2,01 新北市,2 技職
1081,東方設計大學,D 日,D 博士,4,4,5,6,5,3,2,1,0,0,0,0,0,0,0,0,12 高雄市,2 技職
1081,東方設計大學,D 日,M 碩士,21,29,19,27,10,11,1,1,0,0,0,0,0,0,0,0,12 高雄市,2 技職
1081,東方設計大學,D 日,B 四技,180,109,117,111,197,170,179,218,0,0,0,0,0,0,48,39,12 高雄市,2 技職
1081,東方設計大學,D 日,C 二技,0,0,0,0,15,12,5,10,0,0,0,0,0,0,3,2,12 高雄市,2 技職
1081,東方設計大學,D 日,5 五專,97,131,133,159,170,201,110,141,95,175,0,0,0,0,10,10,12 高雄市,2 技職
1081,東方設計大學,N 職,M 碩士,7,9,5,3,4,0,2,2,0,0,0,0,0,0,0,0,12 高雄市,2 技職
1081,東方設計大學,N 修,B 四技,19,36,16,29,23,23,8,7,0,0,0,0,0,0,2,1,12 高雄市,2 技職
1082,崇右影藝科技大學,D 日,M 碩士,24,20,15,18,2,3,0,0,0,0,0,0,0,0,0,0,17 基隆市,2 技職
1082,崇右影藝科技大學,D 日,B 四技,232,351,214,221,275,339,218,253,0,0,0,0,0,0,107,73,17 基隆市,2 技職
1082,崇右影藝科技大學,D 日,5 五專,0,0,38,39,35,39,31,39,33,54,0,0,0,0,2,10,17 基隆市,2 技職
1083,台北海洋科技大學,D 日,M 碩士,32,22,16,13,2,1,0,0,0,0,0,0,0,0,0,0,01 新北市,2 技職
1083,台北海洋科技大學,D 日,B 四技,373,329,364,316,465,436,439,427,0,0,0,0,0,0,115,89,01 新北市,2 技職
1083,台北海洋科技大學,D 日,C 二技,0,0,0,0,68,36,75,26,0,0,0,0,0,0,10,1,01 新北市,2 技職
1083,台北海洋科技大學,D 日,X 4+X,0,0,24,3,0,0,0,0,0,0,0,0,0,0,0,0,01 新北市,2 技職
1083,台北海洋科技大學,D 日,2 二專,38,2,49,6,0,0,0,0,0,0,0,0,0,0,9,0,01 新北市,2 技職
1083,台北海洋科技大學,D 日,5 五專,139,56,163,96,160,106,136,95,141,107,0,0,0,0,29,10,01 新北市,2 技職
1083,台北海洋科技大學,N 修,B 四技,10,17,9,32,14,15,15,13,0,0,0,0,0,0,8,1,01 新北市,2 技職
1083,台北海洋科技大學,N 修,C 二技,0,0,0,0,11,33,10,24,0,0,0,0,0,0,0,0,01 新北市,2 技職
1083,台北海洋科技大學,N 修,2 二專,43,5,38,3,0,0,0,0,0,0,0,0,0,0,5,0,01 新北市,2 技職
1125,中信金融管理學院,D 日,M 碩士,13,17,7,8,0,0,0,0,0,0,0,0,0,0,0,0,21 臺南市,1 一般
1125,中信金融管理學院,D 日,B 學士,74,79,67,73,58,75,6,4,0,0,0,0,0,0,1,1,21 臺南市,1 一般
1125,中信金融管理學院,P 進,B 學士,0,0,0,0,0,0,0,0,0,0,0,0,0,0,1,1,21 臺南市,1 一般
1148,大漢技術學院,D 日,M 碩士,29,11,26,5,11,3,0,0,0,0,0,0,0,0,0,0,15 花蓮縣,2 技職
1148,大漢技術學院,D 日,B 四技,59,39,53,25,53,29,67,30,0,0,0,0,0,0,25,4,15 花蓮縣,2 技職
1148,大漢技術學院,N 修,B 四技,76,40,53,25,46,24,38,30,0,0,0,0,0,0,4,3,15 花蓮縣,2 技職
1148,大漢技術學院,N 修,C 二技,0,0,0,0,90,77,87,63,0,0,0,0,0,0,1,1,15 花蓮縣,2 技職
1148,大漢技術學院,N 修,2 二專,50,41,40,44,0,0,0,0,0,0,0,0,0,0,1,2,15 花蓮縣,2 技職
1159,和春技術學院,D 日,M 碩士,10,3,16,2,8,1,1,0,0,0,0,0,0,0,0,0,12 高雄市,2 技職
1159,和春技術學院,D 日,B 四技,41,18,103,97,113,70,130,48,0,0,0,0,0,0,63,30,12 高雄市,2 技職
1159,和春技術學院,D 日,C 二技,0,0,0,0,2,8,12,8,0,0,0,0,0,0,0,0,12 高雄市,2 技職
1159,和春技術學院,D 日,5 五專,18,25,48,51,35,18,30,14,37,27,0,0,0,0,4,1,12 高雄市,2 技職
1159,和春技術學院,N 修,B 四技,55,32,33,31,91,18,70,19,0,0,0,0,0,0,37,9,12 高雄市,2 技職
1159,和春技術學院,N 修,C 二技,0,0,0,0,153,100,155,74,0,0,0,0,0,0,13,2,12 高雄市,2 技職
1159,和春技術學院,N 修,2 二專,108,52,213,90,0,0,0,0,0,0,0,0,0,0,25,3,12 高雄市,2 技職
1166,亞東技術學院,D 日,M 碩士,13,4,8,3,3,1,2,1,0,0,0,0,0,0,0,0,01 新北市,2 技職
1166,亞東技術學院,D 日,B 四技,698,293,731,267,709,285,718,315,0,0,0,0,0,0,115,32,01 新北市,2 技職
1166,亞東技術學院,D 日,C 二技,0,0,0,0,5,87,0,91,0,0,0,0,0,0,0,1,01 新北市,2 技職
1166,亞東技術學院,N 修,B 四技,0,0,0,0,0,0,0,0,0,0,0,0,0,0,2,0,01 新北市,2 技職
1166,亞東技術學院,N 修,C 二技,0,0,0,0,0,49,1,23,0,26,0,0,0,0,0,1,01 新北市,2 技職
1168,南亞技術學院,D 日,M 碩士,9,5,9,9,1,0,2,2,0,0,0,0,0,0,0,0,03 桃園市,2 技職
1168,南亞技術學院,D 日,B 四技,196,161,245,195,290,235,353,315,0,0,0,0,0,0,116,72,03 桃園市,2 技職
1168,南亞技術學院,D 日,5 五專,42,22,56,49,69,58,0,0,0,0,0,0,0,0,0,0,03 桃園市,2 技職
1168,南亞技術學院,N 修,B 四技,153,65,159,52,159,66,143,85,0,0,0,0,0,0,37,20,03 桃園市,2 技職
1168,南亞技術學院,N 修,2 二專,28,6,49,9,0,0,0,0,0,0,0,0,0,0,0,0,03 桃園市,2 技職
1176,稻江科技暨管理學院,D 日,M 碩士,16,20,13,19,7,3,0,0,0,0,1,0,0,0,0,0,10 嘉義縣,1 一般
1176,稻江科技暨管理學院,D 日,B 學士,260,197,180,169,119,106,145,148,0,0,0,0,0,0,29,18,10 嘉義縣,1 一般
1176,稻江科技暨管理學院,N 職,M 碩士,16,7,17,9,2,2,0,0,0,0,0,0,0,0,0,0,10 嘉義縣,1 一般
1176,稻江科技暨管理學院,N 修,C 二技,0,0,0,0,12,53,7,33,0,0,0,0,0,0,5,1,10 嘉義縣,2 技職
1176,稻江科技暨管理學院,P 進,B 學士,78,110,47,94,57,96,51,95,0,0,0,0,0,0,14,11,10 嘉義縣,1 一般
1182,蘭陽技術學院,D 日,B 四技,53,39,64,58,99,64,73,69,0,0,0,0,0,0,26,15,02 宜蘭縣,2 技職
1182,蘭陽技術學院,D 日,C 二技,0,0,0,0,0,0,0,0,0,0,0,0,0,0,2,0,02 宜蘭縣,2 技職
1182,蘭陽技術學院,D 日,5 五專,35,34,89,50,77,63,29,20,41,32,0,0,0,0,18,8,02 宜蘭縣,2 技職
1183,黎明技術學院,D 日,B 四技,366,445,359,348,398,328,347,301,0,0,0,0,0,0,66,27,01 新北市,2 技職
1183,黎明技術學院,D 日,5 五專,88,16,97,22,127,12,127,24,143,22,0,0,0,0,16,1,01 新北市,2 技職
1183,黎明技術學院,N 修,B 四技,165,73,114,49,127,33,100,46,0,0,0,0,0,0,14,4,01 新北市,2 技職
1183,黎明技術學院,N 修,C 二技,0,0,0,0,7,42,1,48,0,0,0,0,0,0,0,0,01 新北市,2 技職
1183,黎明技術學院,N 修,2 二專,2,8,8,49,0,0,0,0,0,0,0,0,0,0,2,4,01 新北市,2 技職
1185,經國管理暨健康學院,D 日,M 碩士,5,5,3,4,0,5,3,1,0,0,0,0,0,0,0,0,17 基隆市,2 技職
1185,經國管理暨健康學院,D 日,B 四技,202,301,153,285,128,293,144,225,0,0,0,0,0,0,50,40,17 基隆市,2 技職
1185,經國管理暨健康學院,D 日,C 二技,0,0,0,0,5,77,6,46,0,0,0,0,0,0,0,2,17 基隆市,2 技職
1185,經國管理暨健康學院,D 日,5 五專,78,178,85,200,91,225,53,224,58,215,0,0,0,0,11,47,17 基隆市,2 技職
1185,經國管理暨健康學院,N 職,M 碩士,4,16,6,10,1,6,0,2,1,0,0,0,0,0,0,0,17 基隆市,2 技職
1185,經國管理暨健康學院,N 修,B 四技,9,8,20,10,38,70,21,37,0,0,0,0,0,0,15,7,17 基隆市,2 技職
1185,經國管理暨健康學院,N 修,C 二技,0,0,0,0,4,86,2,49,0,0,0,0,0,0,1,3,17 基隆市,2 技職
1188,大同技術學院,D 日,B 四技,117,159,130,178,177,172,150,206,0,0,0,0,0,0,16,18,20 嘉義市,2 技職
1188,大同技術學院,D 日,5 五專,11,10,21,16,21,23,22,12,32,28,0,0,0,0,5,2,20 嘉義市,2 技職
1188,大同技術學院,N 修,B 四技,25,47,24,26,20,40,29,50,0,0,0,0,0,0,4,5,20 嘉義市,2 技職
1188,大同技術學院,N 修,C 二技,0,0,0,0,43,125,39,85,0,0,0,0,0,0,3,3,20 嘉義市,2 技職
1188,大同技術學院,N 修,2 二專,8,4,1,4,0,0,0,0,0,0,0,0,0,0,0,1,20 嘉義市,2 技職
1189,亞太創意技術學院,D 日,M 碩士,8,20,13,25,11,7,2,2,0,0,0,0,0,0,0,0,05 苗栗縣,2 技職
1189,亞太創意技術學院,D 日,B 四技,1,0,27,14,60,21,57,37,0,0,0,0,0,0,27,10,05 苗栗縣,2 技職
1189,亞太創意技術學院,D 日,C 二技,0,0,0,0,0,0,0,0,0,0,0,0,0,0,0,1,05 苗栗縣,2 技職
1189,亞太創意技術學院,N 修,C 二技,0,0,0,0,51,149,20,285,0,0,0,0,0,0,1,2,05 苗栗縣,2 技職
1189,亞太創意技術學院,N 修,2 二專,0,16,0,25,0,0,0,0,0,0,0,0,0,0,0,2,05 苗栗縣,2 技職
1192,臺灣觀光學院,D 日,M 碩士,5,3,3,2,1,2,0,1,0,0,0,0,0,0,0,0,15 花蓮縣,2 技職
1192,臺灣觀光學院,D 日,B 四技,21,14,45,55,74,74,78,97,0,0,0,0,0,0,37,11,15 花蓮縣,2 技職
1192,臺灣觀光學院,D 日,C 二技,0,0,0,0,0,0,0,0,0,0,0,0,0,0,0,2,15 花蓮縣,2 技職
1192,臺灣觀光學院,D 日,2 二專,0,0,0,0,0,0,0,0,0,0,0,0,0,0,1,0,15 花蓮縣,2 技職
1192,臺灣觀光學院,D 日,5 五專,4,11,22,22,19,38,15,36,16,19,0,0,0,0,0,0,15 花蓮縣,2 技職
1192,臺灣觀光學院,N 修,B 四技,10,11,4,6,9,9,14,21,0,0,0,0,0,0,0,0,15 花蓮縣,2 技職
1192,臺灣觀光學院,N 修,C 二技,0,0,0,0,9,14,8,12,0,0,0,0,0,0,0,0,15 花蓮縣,2 技職
1192,臺灣觀光學院,N 修,2 二專,3,12,6,20,0,0,0,0,0,0,0,0,0,0,0,0,15 花蓮縣,2 技職
1195,馬偕醫學院,D 日,M 碩士,9,8,2,10,1,11,0,0,0,0,0,0,0,0,0,0,01 新北市,1 一般
1195,馬偕醫學院,D 日,B 學士,39,82,46,81,44,78,38,74,33,14,19,22,31,16,4,4,01 新北市,1 一般
1196,法鼓文理學院,D 日,D 博士,1,3,0,1,3,3,1,3,0,1,0,0,0,0,0,0,01 新北市,1 一般
1196,法鼓文理學院,D 日,M 碩士,17,43,17,44,13,35,4,15,0,0,0,0,0,0,0,0,01 新北市,1 一般
1196,法鼓文理學院,D 日,B 學士,8,11,6,7,4,9,5,12,0,0,0,0,0,0,0,1,01 新北市,1 一般
1282,馬偕醫護管理專科學校,D 日,2 二專,6,11,0,0,0,0,0,0,0,0,0,0,0,0,1,1,30 臺北市,2 技職
1282,馬偕醫護管理專科學校,D 日,5 五專,108,719,97,716,85,730,76,677,84,672,0,0,0,0,21,73,30 臺北市,2 技職
1282,馬偕醫護管理專科學校,N 修,2 二專,95,96,54,54,0,0,0,0,0,0,0,0,0,0,5,0,30 臺北市,2 技職
1283,仁德醫護管理專科學校,D 日,5 五專,257,988,287,1011,286,957,210,849,194,861,0,0,0,0,130,209,05 苗栗縣,2 技職
1283,仁德醫護管理專科學校,N 修,2 二專,113,91,60,78,0,0,0,0,0,0,0,0,0,0,11,9,05 苗栗縣,2 技職
1284,樹人醫護管理專科學校,D 日,5 五專,327,1064,340,1074,319,1030,232,812,259,903,0,0,0,0,89,129,12 高雄市,2 技職
1284,樹人醫護管理專科學校,N 修,2 二專,143,91,134,69,30,18,17,7,0,0,0,0,0,0,8,2,12 高雄市,2 技職
1285,慈惠醫護管理專科學校,D 日,2 二專,28,40,21,24,0,0,0,0,0,0,0,0,0,0,5,9,13 屏東縣,2 技職
1285,慈惠醫護管理專科學校,D 日,5 五專,170,614,233,849,278,825,236,712,207,725,0,0,0,0,79,195,13 屏東縣,2 技職
1285,慈惠醫護管理專科學校,N 修,2 二專,39,83,45,74,12,10,5,4,0,0,0,0,0,0,14,20,13 屏東縣,2 技職
1286,耕莘健康管理專科學校,D 日,5 五專,109,935,102,944,107,901,107,852,81,852,0,0,0,0,26,113,01 新北市,2 技職
1286,耕莘健康管理專科學校,N 修,2 二專,0,46,0,40,0,0,0,0,0,0,0,0,0,0,0,2,01 新北市,2 技職
1287,敏惠醫護管理專科學校,D 日,5 五專,84,709,106,703,95,644,76,627,81,644,0,0,0,0,24,65,11 臺南市,2 技職
1288,高美醫護管理專科學校,D 日,5 五專,8,28,22,93,38,112,25,55,20,58,0,0,0,0,5,19,12 高雄市,2 技職
1288,高美醫護管理專科學校,N 修,2 二專,6,20,45,34,0,0,0,0,0,0,0,0,0,0,1,1,12 高雄市,2 技職
1289,育英醫護管理專科學校,D 日,5 五專,43,371,33,368,38,357,31,328,28,324,0,0,0,0,2,46,50 高雄市,2 技職
1290,崇仁醫護管理專科學校,D 日,5 五專,97,634,85,628,89,608,76,576,68,585,0,0,0,0,13,44,20 嘉義市,2 技職
1291,聖母醫護管理專科學校,D 日,5 五專,121,437,180,518,162,495,115,460,132,515,0,0,0,0,5,15,02 宜蘭縣,2 技職
1292,新生醫護管理專科學校,D 日,5 五專,171,1091,170,1121,150,1076,114,870,119,948,0,0,0,0,16,91,03 桃園市,2 技職
1292,新生醫護管理專科學校,N 修,2 二專,22,34,9,22,0,0,0,0,0,0,0,0,0,0,0,0,03 桃園市,2 技職
3002,臺北市立大學,D 日,D 博士,18,13,18,14,12,24,16,18,11,14,6,18,17,29,0,0,30 臺北市,1 一般
3002,臺北市立大學,D 日,M 碩士,132,241,108,210,79,171,37,126,14,37,13,25,0,0,0,0,30 臺北市,1 一般
3002,臺北市立大學,D 日,B 學士,580,710,574,680,548,705,498,668,0,0,0,0,0,0,185,128,30 臺北市,1 一般
3002,臺北市立大學,N 職,M 碩士,98,250,102,224,38,100,29,43,15,39,20,20,0,0,0,0,30 臺北市,1 一般
