學校代碼,學校名稱,日間∕進修別,等級別,學生數
0001,國立政治大學,D 日,Doctor,952
0001,國立政治大學,D 日,Master,4028
0001,國立政治大學,D 日,Bachelor,9632
0001,國立政治大學,N 職,Master,1741
0002,國立清華大學,D 日,Doctor,1687
0002,國立清華大學,D 日,Master,4955
0002,國立清華大學,D 日,Bachelor,8860
0002,國立清華大學,D 日,others,32
0002,國立清華大學,N 職,Master,1130
0003,國立臺灣大學,D 日,Doctor,3616
0003,國立臺灣大學,D 日,Master,10201
0003,國立臺灣大學,D 日,Bachelor,16557
0003,國立臺灣大學,N 職,Master,1427
0003,國立臺灣大學,P 進,Bachelor,1
0004,國立臺灣師範大學,D 日,Doctor,1393
0004,國立臺灣師範大學,D 日,Master,3956
0004,國立臺灣師範大學,D 日,Bachelor,8085
0004,國立臺灣師範大學,N 職,Master,1992
0005,國立成功大學,D 日,Doctor,1833
0005,國立成功大學,D 日,Master,6595
0005,國立成功大學,D 日,Bachelor,11481
0005,國立成功大學,N 職,Master,1343
0006,國立中興大學,D 日,Doctor,989
0006,國立中興大學,D 日,Master,3321
0006,國立中興大學,D 日,Bachelor,8073
0006,國立中興大學,N 職,Master,1544
0006,國立中興大學,P 進,Bachelor,950
0007,國立交通大學,D 日,Doctor,1701
0007,國立交通大學,D 日,Master,5543
0007,國立交通大學,D 日,Bachelor,5455
0007,國立交通大學,N 職,Master,1470
0008,國立中央大學,D 日,Doctor,1034
0008,國立中央大學,D 日,Master,3448
0008,國立中央大學,D 日,Bachelor,6117
0008,國立中央大學,N 職,Master,1325
0009,國立中山大學,D 日,Doctor,798
0009,國立中山大學,D 日,Master,2901
0009,國立中山大學,D 日,Bachelor,4740
0009,國立中山大學,N 職,Master,1027
0012,國立臺灣海洋大學,D 日,Doctor,292
0012,國立臺灣海洋大學,D 日,Master,1393
0012,國立臺灣海洋大學,D 日,Bachelor,5737
0012,國立臺灣海洋大學,N 職,Master,566
0012,國立臺灣海洋大學,N 修,others,161
0012,國立臺灣海洋大學,P 進,Bachelor,503
0013,國立中正大學,D 日,Doctor,588
0013,國立中正大學,D 日,Master,2826
0013,國立中正大學,D 日,Bachelor,6728
0013,國立中正大學,N 職,Master,1370
0014,國立高雄師範大學,D 日,Doctor,450
0014,國立高雄師範大學,D 日,Master,1378
0014,國立高雄師範大學,D 日,Bachelor,3487
0014,國立高雄師範大學,N 職,Master,1339
0015,國立彰化師範大學,D 日,Doctor,477
0015,國立彰化師範大學,D 日,Master,1510
0015,國立彰化師範大學,D 日,Bachelor,4895
0015,國立彰化師範大學,N 職,Master,1353
0016,國立陽明大學,D 日,Doctor,864
0016,國立陽明大學,D 日,Master,1226
0016,國立陽明大學,D 日,Bachelor,2107
0016,國立陽明大學,N 職,Master,135
0017,國立臺北大學,D 日,Doctor,214
0017,國立臺北大學,D 日,Master,1346
0017,國立臺北大學,D 日,Bachelor,5878
0017,國立臺北大學,N 職,Master,456
0017,國立臺北大學,P 進,Bachelor,1959
0018,國立嘉義大學,D 日,Doctor,181
0018,國立嘉義大學,D 日,Master,1355
0018,國立嘉義大學,D 日,Bachelor,7830
0018,國立嘉義大學,N 職,Master,938
0018,國立嘉義大學,P 進,Bachelor,2095
0019,國立高雄大學,D 日,Doctor,24
0019,國立高雄大學,D 日,Master,646
0019,國立高雄大學,D 日,Bachelor,4193
0019,國立高雄大學,N 職,Master,473
0019,國立高雄大學,N 修,2 Bachelor,170
0020,國立東華大學,D 日,Doctor,346
0020,國立東華大學,D 日,Master,1582
0020,國立東華大學,D 日,Bachelor,7659
0020,國立東華大學,N 職,Master,567
0021,國立暨南國際大學,D 日,Doctor,346
0021,國立暨南國際大學,D 日,Master,903
0021,國立暨南國際大學,D 日,Bachelor,4675
0021,國立暨南國際大學,N 職,Master,437
0022,國立臺灣科技大學,D 日,Doctor,1013
0022,國立臺灣科技大學,D 日,Master,3469
0022,國立臺灣科技大學,D 日,4 Bachelor,5581
0022,國立臺灣科技大學,D 日,2 Bachelor,147
0022,國立臺灣科技大學,D 日,others,1
0022,國立臺灣科技大學,N 職,Doctor,11
0022,國立臺灣科技大學,N 職,Master,786
0022,國立臺灣科技大學,N 修,2 Bachelor,11
0023,國立雲林科技大學,D 日,Doctor,429
0023,國立雲林科技大學,D 日,Master,1973
0023,國立雲林科技大學,D 日,4 Bachelor,6320
0023,國立雲林科技大學,D 日,2 Bachelor,221
0023,國立雲林科技大學,N 職,Master,727
0023,國立雲林科技大學,N 修,4 Bachelor,45
0024,國立屏東科技大學,D 日,Doctor,252
0024,國立屏東科技大學,D 日,Master,1153
0024,國立屏東科技大學,D 日,4 Bachelor,7776
0024,國立屏東科技大學,D 日,2 Bachelor,10
0024,國立屏東科技大學,N 職,Master,475
0024,國立屏東科技大學,N 修,4 Bachelor,1521
0025,國立臺北科技大學,D 日,Doctor,722
0025,國立臺北科技大學,D 日,Master,2783
0025,國立臺北科技大學,D 日,4 Bachelor,5982
0025,國立臺北科技大學,D 日,2 Bachelor,85
0025,國立臺北科技大學,N 職,Master,1474
0025,國立臺北科技大學,N 修,4 Bachelor,1586
0025,國立臺北科技大學,N 修,2 Bachelor,341
0026,國立高雄第一科技大學,D 日,Doctor,227
0026,國立高雄第一科技大學,D 日,Master,1052
0026,國立高雄第一科技大學,D 日,4 Bachelor,5639
0026,國立高雄第一科技大學,D 日,2 Bachelor,172
0026,國立高雄第一科技大學,N 職,Master,714
0027,國立高雄應用科技大學,D 日,Doctor,290
0027,國立高雄應用科技大學,D 日,Master,1171
0027,國立高雄應用科技大學,D 日,4 Bachelor,7280
0027,國立高雄應用科技大學,D 日,2 Bachelor,100
0027,國立高雄應用科技大學,N 職,Master,1132
0027,國立高雄應用科技大學,N 修,4 Bachelor,1519
0027,國立高雄應用科技大學,N 修,2 Bachelor,330
0028,國立臺北藝術大學,D 日,Doctor,86
0028,國立臺北藝術大學,D 日,Master,956
0028,國立臺北藝術大學,D 日,Bachelor,1754
0028,國立臺北藝術大學,D 日,others,67
0028,國立臺北藝術大學,D 日,5 Associate,75
0028,國立臺北藝術大學,N 職,Master,193
0029,國立臺灣藝術大學,D 日,Doctor,112
0029,國立臺灣藝術大學,D 日,Master,754
0029,國立臺灣藝術大學,D 日,Bachelor,2438
0029,國立臺灣藝術大學,N 職,Master,429
0029,國立臺灣藝術大學,N 修,2 Bachelor,371
0029,國立臺灣藝術大學,P 進,Bachelor,1579
0030,國立臺東大學,D 日,Doctor,41
0030,國立臺東大學,D 日,Master,334
0030,國立臺東大學,D 日,Bachelor,3526
0030,國立臺東大學,N 職,Master,542
0030,國立臺東大學,P 進,Bachelor,173
0031,國立宜蘭大學,D 日,Doctor,12
0031,國立宜蘭大學,D 日,Master,474
0031,國立宜蘭大學,D 日,Bachelor,4450
0031,國立宜蘭大學,N 職,Master,197
0031,國立宜蘭大學,P 進,Bachelor,378
0032,國立聯合大學,D 日,Doctor,12
0032,國立聯合大學,D 日,Master,410
0032,國立聯合大學,D 日,Bachelor,6051
0032,國立聯合大學,N 職,Master,3
0032,國立聯合大學,P 進,Bachelor,1253
0033,國立虎尾科技大學,D 日,Doctor,33
0033,國立虎尾科技大學,D 日,Master,855
0033,國立虎尾科技大學,D 日,4 Bachelor,7236
0033,國立虎尾科技大學,D 日,2 Bachelor,180
0033,國立虎尾科技大學,N 職,Master,199
0033,國立虎尾科技大學,N 修,4 Bachelor,1580
0033,國立虎尾科技大學,N 修,2 Bachelor,105
0034,國立高雄海洋科技大學,D 日,Doctor,28
0034,國立高雄海洋科技大學,D 日,Master,317
0034,國立高雄海洋科技大學,D 日,4 Bachelor,4590
0034,國立高雄海洋科技大學,D 日,2 Bachelor,212
0034,國立高雄海洋科技大學,D 日,others,33
0034,國立高雄海洋科技大學,D 日,5 Associate,508
0034,國立高雄海洋科技大學,N 職,Master,169
0034,國立高雄海洋科技大學,N 修,4 Bachelor,1837
0035,國立臺南藝術大學,D 日,Doctor,38
0035,國立臺南藝術大學,D 日,Master,540
0035,國立臺南藝術大學,D 日,Bachelor,784
0035,國立臺南藝術大學,D 日,5 Associate,170
0035,國立臺南藝術大學,N 職,Master,48
0036,國立臺南大學,D 日,Doctor,173
0036,國立臺南大學,D 日,Master,940
0036,國立臺南大學,D 日,Bachelor,3879
0036,國立臺南大學,N 職,Master,683
0036,國立臺南大學,P 進,Bachelor,70
0037,國立臺北教育大學,D 日,Doctor,150
0037,國立臺北教育大學,D 日,Master,1256
0037,國立臺北教育大學,D 日,Bachelor,3383
0037,國立臺北教育大學,N 職,Master,1019
0039,國立臺中教育大學,D 日,Doctor,124
0039,國立臺中教育大學,D 日,Master,818
0039,國立臺中教育大學,D 日,Bachelor,3351
0039,國立臺中教育大學,N 職,Master,713
0042,國立澎湖科技大學,D 日,Master,86
0042,國立澎湖科技大學,D 日,4 Bachelor,2569
0042,國立澎湖科技大學,N 職,Master,49
0042,國立澎湖科技大學,N 修,4 Bachelor,304
0043,國立勤益科技大學,D 日,Doctor,18
0043,國立勤益科技大學,D 日,Master,546
0043,國立勤益科技大學,D 日,4 Bachelor,6659
0043,國立勤益科技大學,D 日,2 Bachelor,68
0043,國立勤益科技大學,D 日,2 Associate,1
0043,國立勤益科技大學,N 職,Master,285
0043,國立勤益科技大學,N 修,4 Bachelor,3574
0043,國立勤益科技大學,N 修,2 Bachelor,25
0044,國立體育大學,D 日,Doctor,145
0044,國立體育大學,D 日,Master,356
0044,國立體育大學,D 日,Bachelor,1659
0044,國立體育大學,N 職,Master,204
0044,國立體育大學,N 修,others,100
0046,國立臺北護理健康大學,D 日,Doctor,67
0046,國立臺北護理健康大學,D 日,Master,571
0046,國立臺北護理健康大學,D 日,4 Bachelor,2689
0046,國立臺北護理健康大學,D 日,2 Bachelor,840
0046,國立臺北護理健康大學,D 日,others,1
0046,國立臺北護理健康大學,N 職,Master,192
0046,國立臺北護理健康大學,N 修,2 Bachelor,717
0047,國立高雄餐旅大學,D 日,Doctor,30
0047,國立高雄餐旅大學,D 日,Master,139
0047,國立高雄餐旅大學,D 日,4 Bachelor,3179
0047,國立高雄餐旅大學,D 日,2 Bachelor,101
0047,國立高雄餐旅大學,D 日,5 Associate,229
0047,國立高雄餐旅大學,N 職,Master,55
0047,國立高雄餐旅大學,N 修,4 Bachelor,1051
0047,國立高雄餐旅大學,N 修,2 Bachelor,313
0047,國立高雄餐旅大學,N 修,others,29
0047,國立高雄餐旅大學,N 修,2 Associate,141
0048,國立金門大學,D 日,Master,202
0048,國立金門大學,D 日,Bachelor,3367
0048,國立金門大學,N 職,Master,86
0048,國立金門大學,P 進,Bachelor,846
0049,國立臺灣體育運動大學,D 日,Master,252
0049,國立臺灣體育運動大學,D 日,Bachelor,2455
0049,國立臺灣體育運動大學,N 職,Master,103
0049,國立臺灣體育運動大學,P 進,Bachelor,344
0050,國立臺中科技大學,D 日,Master,365
0050,國立臺中科技大學,D 日,4 Bachelor,5404
0050,國立臺中科技大學,D 日,2 Bachelor,1456
0050,國立臺中科技大學,D 日,2 Associate,2
0050,國立臺中科技大學,D 日,5 Associate,3504
0050,國立臺中科技大學,N 職,Master,194
0050,國立臺中科技大學,N 修,4 Bachelor,2209
0050,國立臺中科技大學,N 修,2 Bachelor,385
0050,國立臺中科技大學,N 修,2 Associate,80
0051,國立臺北商業大學,D 日,Master,174
0051,國立臺北商業大學,D 日,4 Bachelor,2338
0051,國立臺北商業大學,D 日,2 Bachelor,760
0051,國立臺北商業大學,D 日,5 Associate,1911
0051,國立臺北商業大學,N 職,Master,39
0051,國立臺北商業大學,N 修,4 Bachelor,670
0051,國立臺北商業大學,N 修,2 Bachelor,812
0051,國立臺北商業大學,N 修,others,18
0051,國立臺北商業大學,N 修,2 Associate,8
0052,國立屏東大學,D 日,Doctor,48
0052,國立屏東大學,D 日,Master,932
0052,國立屏東大學,D 日,Bachelor,6776
0052,國立屏東大學,N 職,Master,556
0052,國立屏東大學,P 進,Bachelor,651
0144,國立臺灣戲曲學院,D 日,4 Bachelor,555
0144,國立臺灣戲曲學院,N 修,4 Bachelor,59
0221,國立臺南護理專科學校,D 日,2 Associate,97
0221,國立臺南護理專科學校,D 日,5 Associate,1797
0221,國立臺南護理專科學校,N 修,2 Associate,61
0222,國立臺東專科學校,D 日,2 Associate,579
0222,國立臺東專科學校,D 日,5 Associate,587
0222,國立臺東專科學校,N 修,2 Associate,78
1001,東海大學,D 日,Doctor,240
1001,東海大學,D 日,Master,1308
1001,東海大學,D 日,Bachelor,13588
1001,東海大學,N 職,Master,745
1001,東海大學,P 進,Bachelor,548
1002,輔仁大學,D 日,Doctor,473
1002,輔仁大學,D 日,Master,2156
1002,輔仁大學,D 日,Bachelor,18105
1002,輔仁大學,N 職,Master,1653
1002,輔仁大學,N 修,2 Bachelor,65
1002,輔仁大學,P 進,Bachelor,4565
1003,東吳大學,D 日,Doctor,122
1003,東吳大學,D 日,Master,1269
1003,東吳大學,D 日,Bachelor,12175
1003,東吳大學,D 日,others,10
1003,東吳大學,N 職,Master,1170
1003,東吳大學,P 進,Bachelor,1104
1004,中原大學,D 日,Doctor,336
1004,中原大學,D 日,Master,1620
1004,中原大學,D 日,Bachelor,13472
1004,中原大學,D 日,others,52
1004,中原大學,N 職,Master,862
1005,淡江大學,D 日,Doctor,442
1005,淡江大學,D 日,Master,1873
1005,淡江大學,D 日,Bachelor,20889
1005,淡江大學,N 職,Master,1082
1005,淡江大學,N 修,2 Bachelor,21
1005,淡江大學,P 進,Bachelor,1725
1006,中國文化大學,D 日,Doctor,524
1006,中國文化大學,D 日,Master,1596
1006,中國文化大學,D 日,Bachelor,21364
1006,中國文化大學,N 職,Master,509
1006,中國文化大學,N 修,2 Bachelor,100
1006,中國文化大學,P 進,Bachelor,1792
1007,逢甲大學,D 日,Doctor,440
1007,逢甲大學,D 日,Master,1642
1007,逢甲大學,D 日,Bachelor,17029
1007,逢甲大學,N 職,Master,1120
1007,逢甲大學,P 進,Bachelor,915
1008,靜宜大學,D 日,Doctor,42
1008,靜宜大學,D 日,Master,546
1008,靜宜大學,D 日,Bachelor,11371
1008,靜宜大學,N 職,Master,326
1008,靜宜大學,P 進,Bachelor,4
1009,長庚大學,D 日,Doctor,525
1009,長庚大學,D 日,Master,1160
1009,長庚大學,D 日,Bachelor,5304
1009,長庚大學,N 職,Master,198
1010,元智大學,D 日,Doctor,285
1010,元智大學,D 日,Master,955
1010,元智大學,D 日,Bachelor,7209
1010,元智大學,N 職,Master,686
1011,中華大學,D 日,Doctor,95
1011,中華大學,D 日,Master,550
1011,中華大學,D 日,Bachelor,5427
1011,中華大學,N 職,Master,242
1011,中華大學,N 修,2 Bachelor,205
1011,中華大學,P 進,Bachelor,203
1012,大葉大學,D 日,Doctor,134
1012,大葉大學,D 日,Master,672
1012,大葉大學,D 日,Bachelor,8623
1012,大葉大學,N 職,Master,500
1012,大葉大學,N 修,2 Bachelor,61
1012,大葉大學,P 進,Bachelor,1157
1013,華梵大學,D 日,Doctor,58
1013,華梵大學,D 日,Master,262
1013,華梵大學,D 日,Bachelor,1864
1013,華梵大學,N 職,Master,136
1014,義守大學,D 日,Doctor,137
1014,義守大學,D 日,Master,442
1014,義守大學,D 日,Bachelor,12853
1014,義守大學,N 職,Master,519
1014,義守大學,N 修,2 Bachelor,272
1014,義守大學,P 進,Bachelor,1986
1015,世新大學,D 日,Doctor,89
1015,世新大學,D 日,Master,617
1015,世新大學,D 日,Bachelor,9873
1015,世新大學,N 職,Master,806
1015,世新大學,N 修,2 Bachelor,24
1015,世新大學,P 進,Bachelor,314
1016,銘傳大學,D 日,Doctor,69
1016,銘傳大學,D 日,Master,730
1016,銘傳大學,D 日,Bachelor,17521
1016,銘傳大學,N 職,Master,809
1017,實踐大學,D 日,Doctor,24
1017,實踐大學,D 日,Master,351
1017,實踐大學,D 日,Bachelor,11783
1017,實踐大學,N 職,Master,165
1017,實踐大學,N 修,2 Bachelor,126
1017,實踐大學,P 進,Bachelor,2130
1018,朝陽科技大學,D 日,Doctor,90
1018,朝陽科技大學,D 日,Master,674
1018,朝陽科技大學,D 日,4 Bachelor,11396
1018,朝陽科技大學,D 日,2 Bachelor,52
1018,朝陽科技大學,N 職,Master,442
1018,朝陽科技大學,N 修,4 Bachelor,3138
1019,高雄醫學大學,D 日,Doctor,323
1019,高雄醫學大學,D 日,Master,678
1019,高雄醫學大學,D 日,Bachelor,5597
1019,高雄醫學大學,D 日,others,8
1019,高雄醫學大學,N 職,Master,230
1019,高雄醫學大學,N 修,2 Bachelor,45
1020,南華大學,D 日,Doctor,32
1020,南華大學,D 日,Master,592
1020,南華大學,D 日,Bachelor,4284
1020,南華大學,N 職,Master,356
1020,南華大學,P 進,Bachelor,336
1021,真理大學,D 日,Master,152
1021,真理大學,D 日,Bachelor,6321
1021,真理大學,N 職,Master,20
1021,真理大學,P 進,Bachelor,280
1022,大同大學,D 日,Doctor,104
1022,大同大學,D 日,Master,362
1022,大同大學,D 日,Bachelor,3744
1022,大同大學,N 職,Master,287
1023,南臺科技大學,D 日,Doctor,85
1023,南臺科技大學,D 日,Master,871
1023,南臺科技大學,D 日,4 Bachelor,13007
1023,南臺科技大學,D 日,2 Bachelor,187
1023,南臺科技大學,N 職,Master,403
1023,南臺科技大學,N 修,4 Bachelor,4167
1023,南臺科技大學,N 修,2 Bachelor,135
1024,崑山科技大學,D 日,Doctor,34
1024,崑山科技大學,D 日,Master,424
1024,崑山科技大學,D 日,4 Bachelor,8041
1024,崑山科技大學,D 日,2 Bachelor,1
1024,崑山科技大學,N 職,Master,176
1024,崑山科技大學,N 修,4 Bachelor,3304
1024,崑山科技大學,N 修,2 Bachelor,194
1025,嘉南藥理大學,D 日,Master,237
1025,嘉南藥理大學,D 日,4 Bachelor,12074
1025,嘉南藥理大學,D 日,2 Bachelor,186
1025,嘉南藥理大學,N 職,Master,244
1025,嘉南藥理大學,N 修,4 Bachelor,2605
1025,嘉南藥理大學,N 修,2 Bachelor,340
1025,嘉南藥理大學,N 修,others,16
1026,樹德科技大學,D 日,Doctor,27
1026,樹德科技大學,D 日,Master,295
1026,樹德科技大學,D 日,4 Bachelor,7956
1026,樹德科技大學,D 日,2 Bachelor,25
1026,樹德科技大學,N 職,Master,439
1026,樹德科技大學,N 修,4 Bachelor,1511
1026,樹德科技大學,N 修,2 Bachelor,446
1027,慈濟大學,D 日,Doctor,110
1027,慈濟大學,D 日,Master,350
1027,慈濟大學,D 日,Bachelor,2963
1027,慈濟大學,N 職,Master,37
1028,臺北醫學大學,D 日,Doctor,453
1028,臺北醫學大學,D 日,Master,620
1028,臺北醫學大學,D 日,Bachelor,4749
1028,臺北醫學大學,D 日,others,30
1028,臺北醫學大學,N 職,Master,259
1028,臺北醫學大學,N 修,2 Bachelor,1
1029,中山醫學大學,D 日,Doctor,213
1029,中山醫學大學,D 日,Master,452
1029,中山醫學大學,D 日,Bachelor,6265
1029,中山醫學大學,N 職,Master,148
1029,中山醫學大學,N 修,2 Bachelor,128
1029,中山醫學大學,P 進,Bachelor,31
1030,龍華科技大學,D 日,Master,309
1030,龍華科技大學,D 日,4 Bachelor,6484
1030,龍華科技大學,D 日,2 Bachelor,13
1030,龍華科技大學,D 日,2 Associate,1
1030,龍華科技大學,D 日,5 Associate,108
1030,龍華科技大學,N 職,Master,212
1030,龍華科技大學,N 修,4 Bachelor,3913
1030,龍華科技大學,N 修,2 Bachelor,46
1031,輔英科技大學,D 日,Master,128
1031,輔英科技大學,D 日,4 Bachelor,3771
1031,輔英科技大學,D 日,2 Bachelor,1513
1031,輔英科技大學,D 日,others,10
1031,輔英科技大學,D 日,5 Associate,2702
1031,輔英科技大學,N 職,Master,49
1031,輔英科技大學,N 修,4 Bachelor,516
1031,輔英科技大學,N 修,2 Bachelor,617
1032,明新科技大學,D 日,Master,310
1032,明新科技大學,D 日,4 Bachelor,8201
1032,明新科技大學,N 職,Master,275
1032,明新科技大學,N 修,4 Bachelor,3435
1032,明新科技大學,N 修,2 Bachelor,70
1032,明新科技大學,N 修,2 Associate,28
1033,長榮大學,D 日,Doctor,38
1033,長榮大學,D 日,Master,407
1033,長榮大學,D 日,Bachelor,8605
1033,長榮大學,N 職,Master,125
1033,長榮大學,N 修,2 Bachelor,1
1033,長榮大學,P 進,Bachelor,504
1034,弘光科技大學,D 日,Doctor,7
1034,弘光科技大學,D 日,Master,191
1034,弘光科技大學,D 日,4 Bachelor,7402
1034,弘光科技大學,D 日,2 Bachelor,713
1034,弘光科技大學,D 日,5 Associate,264
1034,弘光科技大學,N 職,Master,101
1034,弘光科技大學,N 修,4 Bachelor,3247
1034,弘光科技大學,N 修,2 Bachelor,924
1034,弘光科技大學,N 修,2 Associate,110
1035,中國醫藥大學,D 日,Doctor,373
1035,中國醫藥大學,D 日,Master,560
1035,中國醫藥大學,D 日,Bachelor,6395
1035,中國醫藥大學,N 職,Master,74
1035,中國醫藥大學,N 修,2 Bachelor,66
1036,健行科技大學,D 日,Master,279
1036,健行科技大學,D 日,4 Bachelor,6911
1036,健行科技大學,D 日,2 Bachelor,87
1036,健行科技大學,D 日,2 Associate,1
1036,健行科技大學,D 日,5 Associate,26
1036,健行科技大學,N 職,Master,42
1036,健行科技大學,N 修,4 Bachelor,3305
1036,健行科技大學,N 修,2 Bachelor,114
1037,正修科技大學,D 日,Doctor,12
1037,正修科技大學,D 日,Master,385
1037,正修科技大學,D 日,4 Bachelor,9223
1037,正修科技大學,N 職,Master,172
1037,正修科技大學,N 修,4 Bachelor,5534
1037,正修科技大學,N 修,2 Bachelor,1352
1037,正修科技大學,N 修,2 Associate,225
1038,萬能科技大學,D 日,Master,140
1038,萬能科技大學,D 日,4 Bachelor,6121
1038,萬能科技大學,D 日,2 Bachelor,15
1038,萬能科技大學,N 職,Master,109
1038,萬能科技大學,N 修,4 Bachelor,3636
1038,萬能科技大學,N 修,2 Bachelor,451
1039,玄奘大學,D 日,Doctor,7
1039,玄奘大學,D 日,Master,305
1039,玄奘大學,D 日,Bachelor,3389
1039,玄奘大學,N 職,Master,175
1039,玄奘大學,N 修,2 Bachelor,1
1039,玄奘大學,P 進,Bachelor,490
1040,建國科技大學,D 日,Master,166
1040,建國科技大學,D 日,4 Bachelor,5578
1040,建國科技大學,D 日,2 Bachelor,1
1040,建國科技大學,N 修,4 Bachelor,1802
1040,建國科技大學,N 修,2 Bachelor,292
1041,明志科技大學,D 日,Doctor,5
1041,明志科技大學,D 日,Master,432
1041,明志科技大學,D 日,4 Bachelor,3592
1041,明志科技大學,D 日,2 Bachelor,12
1041,明志科技大學,N 職,Master,31
1041,明志科技大學,N 修,4 Bachelor,488
1041,明志科技大學,N 修,2 Bachelor,1
1042,高苑科技大學,D 日,Master,126
1042,高苑科技大學,D 日,4 Bachelor,3834
1042,高苑科技大學,N 職,Master,220
1042,高苑科技大學,N 修,4 Bachelor,1407
1043,大仁科技大學,D 日,Master,67
1043,大仁科技大學,D 日,4 Bachelor,4565
1043,大仁科技大學,D 日,2 Bachelor,22
1043,大仁科技大學,N 職,Master,153
1043,大仁科技大學,N 修,4 Bachelor,696
1043,大仁科技大學,N 修,2 Bachelor,1112
1044,聖約翰科技大學,D 日,Master,134
1044,聖約翰科技大學,D 日,4 Bachelor,3344
1044,聖約翰科技大學,D 日,2 Bachelor,4
1044,聖約翰科技大學,D 日,5 Associate,278
1044,聖約翰科技大學,N 職,Master,69
1044,聖約翰科技大學,N 修,4 Bachelor,138
1045,嶺東科技大學,D 日,Master,232
1045,嶺東科技大學,D 日,4 Bachelor,7333
1045,嶺東科技大學,D 日,2 Bachelor,2
1045,嶺東科技大學,N 職,Master,123
1045,嶺東科技大學,N 修,4 Bachelor,2622
1046,中國科技大學,D 日,Master,156
1046,中國科技大學,D 日,4 Bachelor,8707
1046,中國科技大學,D 日,2 Bachelor,3
1046,中國科技大學,N 職,Master,46
1046,中國科技大學,N 修,4 Bachelor,1994
1046,中國科技大學,N 修,others,63
1047,中臺科技大學,D 日,Doctor,20
1047,中臺科技大學,D 日,Master,138
1047,中臺科技大學,D 日,4 Bachelor,5333
1047,中臺科技大學,D 日,2 Bachelor,527
1047,中臺科技大學,N 職,Master,243
1047,中臺科技大學,N 修,4 Bachelor,1685
1047,中臺科技大學,N 修,2 Bachelor,1061
1048,亞洲大學,D 日,Doctor,182
1048,亞洲大學,D 日,Master,600
1048,亞洲大學,D 日,Bachelor,9893
1048,亞洲大學,N 職,Master,397
1048,亞洲大學,P 進,Bachelor,1051
1049,開南大學,D 日,Master,221
1049,開南大學,D 日,Bachelor,5627
1049,開南大學,N 職,Master,343
1049,開南大學,P 進,Bachelor,1139
1050,佛光大學,D 日,Doctor,56
1050,佛光大學,D 日,Master,529
1050,佛光大學,D 日,Bachelor,3050
1050,佛光大學,N 職,Master,187
1051,台南應用科技大學,D 日,Master,118
1051,台南應用科技大學,D 日,4 Bachelor,8193
1051,台南應用科技大學,D 日,2 Bachelor,591
1051,台南應用科技大學,D 日,5 Associate,1181
1051,台南應用科技大學,N 職,Master,120
1051,台南應用科技大學,N 修,4 Bachelor,2277
1051,台南應用科技大學,N 修,2 Bachelor,253
1052,遠東科技大學,D 日,Master,210
1052,遠東科技大學,D 日,4 Bachelor,5304
1052,遠東科技大學,N 職,Master,29
1052,遠東科技大學,N 修,4 Bachelor,597
1052,遠東科技大學,N 修,2 Bachelor,67
1052,遠東科技大學,N 修,2 Associate,40
1053,元培醫事科技大學,D 日,Master,217
1053,元培醫事科技大學,D 日,4 Bachelor,4781
1053,元培醫事科技大學,D 日,2 Bachelor,97
1053,元培醫事科技大學,N 職,Master,32
1053,元培醫事科技大學,N 修,4 Bachelor,817
1053,元培醫事科技大學,N 修,2 Bachelor,493
1054,景文科技大學,D 日,Master,61
1054,景文科技大學,D 日,4 Bachelor,5322
1054,景文科技大學,D 日,2 Bachelor,6
1054,景文科技大學,N 職,Master,97
1054,景文科技大學,N 修,4 Bachelor,1528
1054,景文科技大學,N 修,2 Bachelor,285
1055,中華醫事科技大學,D 日,Master,112
1055,中華醫事科技大學,D 日,4 Bachelor,4063
1055,中華醫事科技大學,D 日,2 Bachelor,714
1055,中華醫事科技大學,D 日,2 Associate,110
1055,中華醫事科技大學,D 日,5 Associate,2669
1055,中華醫事科技大學,N 職,Master,18
1055,中華醫事科技大學,N 修,4 Bachelor,796
1055,中華醫事科技大學,N 修,2 Bachelor,758
1056,東南科技大學,D 日,Master,155
1056,東南科技大學,D 日,4 Bachelor,5580
1056,東南科技大學,N 職,Master,58
1056,東南科技大學,N 修,4 Bachelor,432
1056,東南科技大學,N 修,2 Bachelor,16
1057,德明財經科技大學,D 日,Master,54
1057,德明財經科技大學,D 日,4 Bachelor,7068
1057,德明財經科技大學,D 日,2 Bachelor,150
1057,德明財經科技大學,N 職,Master,62
1057,德明財經科技大學,N 修,4 Bachelor,1022
1057,德明財經科技大學,N 修,2 Bachelor,64
1058,明道大學,D 日,Doctor,20
1058,明道大學,D 日,Master,206
1058,明道大學,D 日,Bachelor,3214
1058,明道大學,N 職,Master,74
1058,明道大學,P 進,Bachelor,955
1060,南開科技大學,D 日,Master,109
1060,南開科技大學,D 日,4 Bachelor,3177
1060,南開科技大學,D 日,2 Bachelor,56
1060,南開科技大學,D 日,5 Associate,906
1060,南開科技大學,N 職,Master,104
1060,南開科技大學,N 修,4 Bachelor,865
1061,中華科技大學,D 日,Master,228
1061,中華科技大學,D 日,4 Bachelor,5011
1061,中華科技大學,D 日,2 Bachelor,48
1061,中華科技大學,N 職,Master,100
1061,中華科技大學,N 修,4 Bachelor,841
1061,中華科技大學,N 修,2 Bachelor,295
1061,中華科技大學,N 修,2 Associate,15
1062,僑光科技大學,D 日,Master,50
1062,僑光科技大學,D 日,4 Bachelor,6548
1062,僑光科技大學,D 日,2 Bachelor,1
1062,僑光科技大學,D 日,5 Associate,1
1062,僑光科技大學,N 職,Master,33
1062,僑光科技大學,N 修,4 Bachelor,4177
1062,僑光科技大學,N 修,2 Bachelor,29
1062,僑光科技大學,N 修,2 Associate,17
1063,育達科技大學,D 日,Master,127
1063,育達科技大學,D 日,4 Bachelor,2678
1063,育達科技大學,N 職,Master,180
1063,育達科技大學,N 修,4 Bachelor,1113
1063,育達科技大學,N 修,2 Bachelor,484
1064,美和科技大學,D 日,Master,134
1064,美和科技大學,D 日,4 Bachelor,3234
1064,美和科技大學,D 日,2 Bachelor,424
1064,美和科技大學,D 日,5 Associate,1770
1064,美和科技大學,N 職,Master,212
1064,美和科技大學,N 修,4 Bachelor,822
1064,美和科技大學,N 修,2 Bachelor,846
1064,美和科技大學,N 修,2 Associate,24
1065,吳鳳科技大學,D 日,Master,61
1065,吳鳳科技大學,D 日,4 Bachelor,3624
1065,吳鳳科技大學,N 職,Master,70
1065,吳鳳科技大學,N 修,4 Bachelor,954
1066,環球科技大學,D 日,Master,141
1066,環球科技大學,D 日,4 Bachelor,3552
1066,環球科技大學,D 日,2 Bachelor,3
1066,環球科技大學,N 職,Master,49
1066,環球科技大學,N 修,4 Bachelor,1047
1066,環球科技大學,N 修,2 Bachelor,261
1066,環球科技大學,N 修,2 Associate,242
1067,台灣首府大學,D 日,Master,60
1067,台灣首府大學,D 日,Bachelor,2172
1067,台灣首府大學,N 修,2 Bachelor,33
1067,台灣首府大學,P 進,Bachelor,465
1068,中州科技大學,D 日,Master,53
1068,中州科技大學,D 日,4 Bachelor,1963
1068,中州科技大學,D 日,2 Bachelor,1
1068,中州科技大學,N 職,Master,31
1068,中州科技大學,N 修,4 Bachelor,896
1068,中州科技大學,N 修,2 Bachelor,529
1069,修平科技大學,D 日,Master,48
1069,修平科技大學,D 日,4 Bachelor,4339
1069,修平科技大學,N 職,Master,12
1069,修平科技大學,N 修,4 Bachelor,806
1069,修平科技大學,N 修,2 Associate,6
1070,長庚科技大學,D 日,Master,58
1070,長庚科技大學,D 日,4 Bachelor,3181
1070,長庚科技大學,D 日,2 Bachelor,1449
1070,長庚科技大學,D 日,5 Associate,557
1070,長庚科技大學,N 職,Master,83
1070,長庚科技大學,N 修,2 Bachelor,1384
1071,臺北城市科技大學,D 日,Master,104
1071,臺北城市科技大學,D 日,4 Bachelor,7273
1071,臺北城市科技大學,D 日,2 Bachelor,1
1071,臺北城市科技大學,D 日,2 Associate,1
1071,臺北城市科技大學,D 日,5 Associate,1391
1071,臺北城市科技大學,N 修,4 Bachelor,857
1071,臺北城市科技大學,N 修,2 Associate,50
1072,大華科技大學,D 日,Master,22
1072,大華科技大學,D 日,4 Bachelor,742
1072,大華科技大學,D 日,2 Bachelor,58
1072,大華科技大學,D 日,5 Associate,762
1072,大華科技大學,N 修,4 Bachelor,468
1072,大華科技大學,N 修,2 Bachelor,805
1072,大華科技大學,N 修,2 Associate,83
1073,醒吾科技大學,D 日,Master,60
1073,醒吾科技大學,D 日,4 Bachelor,5887
1073,醒吾科技大學,D 日,2 Bachelor,1
1073,醒吾科技大學,D 日,5 Associate,1006
1073,醒吾科技大學,N 職,Master,86
1073,醒吾科技大學,N 修,4 Bachelor,1158
1074,南榮科技大學,D 日,Master,31
1074,南榮科技大學,D 日,4 Bachelor,1122
1074,南榮科技大學,D 日,2 Bachelor,23
1074,南榮科技大學,D 日,5 Associate,175
1074,南榮科技大學,N 職,Master,24
1074,南榮科技大學,N 修,4 Bachelor,622
1074,南榮科技大學,N 修,2 Bachelor,57
1074,南榮科技大學,N 修,2 Associate,157
1075,文藻外語大學,D 日,Master,163
1075,文藻外語大學,D 日,4 Bachelor,5229
1075,文藻外語大學,D 日,2 Bachelor,273
1075,文藻外語大學,D 日,5 Associate,1672
1075,文藻外語大學,N 職,Master,62
1075,文藻外語大學,N 修,4 Bachelor,1835
1075,文藻外語大學,N 修,2 Bachelor,185
1076,華夏科技大學,D 日,Master,40
1076,華夏科技大學,D 日,4 Bachelor,2705
1076,華夏科技大學,D 日,2 Bachelor,89
1076,華夏科技大學,D 日,5 Associate,595
1076,華夏科技大學,N 職,Master,65
1076,華夏科技大學,N 修,4 Bachelor,804
1076,華夏科技大學,N 修,2 Bachelor,274
1076,華夏科技大學,N 修,2 Associate,227
1077,慈濟科技大學,D 日,Master,29
1077,慈濟科技大學,D 日,4 Bachelor,1276
1077,慈濟科技大學,D 日,2 Bachelor,285
1077,慈濟科技大學,D 日,5 Associate,1249
1077,慈濟科技大學,N 修,2 Bachelor,108
1078,致理科技大學,D 日,Master,50
1078,致理科技大學,D 日,4 Bachelor,6359
1078,致理科技大學,D 日,2 Bachelor,290
1078,致理科技大學,D 日,2 Associate,3
1078,致理科技大學,D 日,5 Associate,1619
1078,致理科技大學,N 職,Master,42
1078,致理科技大學,N 修,4 Bachelor,3106
1078,致理科技大學,N 修,2 Bachelor,155
1079,康寧大學,D 日,Master,153
1079,康寧大學,D 日,Bachelor,926
1079,康寧大學,D 日,2 Associate,19
1079,康寧大學,D 日,5 Associate,2889
1079,康寧大學,N 職,Master,139
1079,康寧大學,N 修,2 Associate,342
1079,康寧大學,P 進,Bachelor,500
1080,宏國德霖科技大學,D 日,4 Bachelor,2852
1080,宏國德霖科技大學,D 日,2 Bachelor,86
1080,宏國德霖科技大學,D 日,5 Associate,1489
1080,宏國德霖科技大學,N 修,4 Bachelor,1322
1080,宏國德霖科技大學,N 修,2 Bachelor,560
1080,宏國德霖科技大學,N 修,2 Associate,259
1081,東方設計大學,D 日,Doctor,30
1081,東方設計大學,D 日,Master,119
1081,東方設計大學,D 日,4 Bachelor,1368
1081,東方設計大學,D 日,2 Bachelor,47
1081,東方設計大學,D 日,5 Associate,1432
1081,東方設計大學,N 職,Master,32
1081,東方設計大學,N 修,4 Bachelor,164
1082,崇右影藝科技大學,D 日,Master,82
1082,崇右影藝科技大學,D 日,4 Bachelor,2283
1082,崇右影藝科技大學,D 日,5 Associate,320
1083,台北海洋科技大學,D 日,Master,86
1083,台北海洋科技大學,D 日,4 Bachelor,3353
1083,台北海洋科技大學,D 日,2 Bachelor,216
1083,台北海洋科技大學,D 日,others,27
1083,台北海洋科技大學,D 日,2 Associate,104
1083,台北海洋科技大學,D 日,5 Associate,1238
1083,台北海洋科技大學,N 修,4 Bachelor,134
1083,台北海洋科技大學,N 修,2 Bachelor,78
1083,台北海洋科技大學,N 修,2 Associate,94
1125,中信金融管理學院,D 日,Master,45
1125,中信金融管理學院,D 日,Bachelor,438
1125,中信金融管理學院,P 進,Bachelor,2
1148,大漢技術學院,D 日,Master,85
1148,大漢技術學院,D 日,4 Bachelor,384
1148,大漢技術學院,N 修,4 Bachelor,339
1148,大漢技術學院,N 修,2 Bachelor,319
1148,大漢技術學院,N 修,2 Associate,178
1159,和春技術學院,D 日,Master,41
1159,和春技術學院,D 日,4 Bachelor,713
1159,和春技術學院,D 日,2 Bachelor,30
1159,和春技術學院,D 日,5 Associate,308
1159,和春技術學院,N 修,4 Bachelor,395
1159,和春技術學院,N 修,2 Bachelor,497
1159,和春技術學院,N 修,2 Associate,491
1166,亞東技術學院,D 日,Master,35
1166,亞東技術學院,D 日,4 Bachelor,4163
1166,亞東技術學院,D 日,2 Bachelor,184
1166,亞東技術學院,N 修,4 Bachelor,2
1166,亞東技術學院,N 修,2 Bachelor,100
1168,南亞技術學院,D 日,Master,37
1168,南亞技術學院,D 日,4 Bachelor,2178
1168,南亞技術學院,D 日,5 Associate,296
1168,南亞技術學院,N 修,4 Bachelor,939
1168,南亞技術學院,N 修,2 Associate,92
1176,稻江科技暨管理學院,D 日,Master,79
1176,稻江科技暨管理學院,D 日,Bachelor,1371
1176,稻江科技暨管理學院,N 職,Master,53
1176,稻江科技暨管理學院,N 修,2 Bachelor,111
1176,稻江科技暨管理學院,P 進,Bachelor,653
1182,蘭陽技術學院,D 日,4 Bachelor,560
1182,蘭陽技術學院,D 日,2 Bachelor,2
1182,蘭陽技術學院,D 日,5 Associate,496
1183,黎明技術學院,D 日,4 Bachelor,2985
1183,黎明技術學院,D 日,5 Associate,695
1183,黎明技術學院,N 修,4 Bachelor,725
1183,黎明技術學院,N 修,2 Bachelor,98
1183,黎明技術學院,N 修,2 Associate,73
1185,經國管理暨健康學院,D 日,Master,26
1185,經國管理暨健康學院,D 日,4 Bachelor,1821
1185,經國管理暨健康學院,D 日,2 Bachelor,136
1185,經國管理暨健康學院,D 日,5 Associate,1465
1185,經國管理暨健康學院,N 職,Master,46
1185,經國管理暨健康學院,N 修,4 Bachelor,235
1185,經國管理暨健康學院,N 修,2 Bachelor,145
1188,大同技術學院,D 日,4 Bachelor,1323
1188,大同技術學院,D 日,5 Associate,203
1188,大同技術學院,N 修,4 Bachelor,270
1188,大同技術學院,N 修,2 Bachelor,298
1188,大同技術學院,N 修,2 Associate,18
1189,亞太創意技術學院,D 日,Master,88
1189,亞太創意技術學院,D 日,4 Bachelor,254
1189,亞太創意技術學院,D 日,2 Bachelor,1
1189,亞太創意技術學院,N 修,2 Bachelor,508
1189,亞太創意技術學院,N 修,2 Associate,43
1192,臺灣觀光學院,D 日,Master,17
1192,臺灣觀光學院,D 日,4 Bachelor,506
1192,臺灣觀光學院,D 日,2 Bachelor,2
1192,臺灣觀光學院,D 日,2 Associate,1
1192,臺灣觀光學院,D 日,5 Associate,202
1192,臺灣觀光學院,N 修,4 Bachelor,84
1192,臺灣觀光學院,N 修,2 Bachelor,43
1192,臺灣觀光學院,N 修,2 Associate,41
1195,馬偕醫學院,D 日,Master,41
1195,馬偕醫學院,D 日,Bachelor,625
1196,法鼓文理學院,D 日,Doctor,16
1196,法鼓文理學院,D 日,Master,188
1196,法鼓文理學院,D 日,Bachelor,63
1282,馬偕醫護管理專科學校,D 日,2 Associate,19
1282,馬偕醫護管理專科學校,D 日,5 Associate,4058
1282,馬偕醫護管理專科學校,N 修,2 Associate,304
1283,仁德醫護管理專科學校,D 日,5 Associate,6239
1283,仁德醫護管理專科學校,N 修,2 Associate,362
1284,樹人醫護管理專科學校,D 日,5 Associate,6578
1284,樹人醫護管理專科學校,N 修,2 Associate,519
1285,慈惠醫護管理專科學校,D 日,2 Associate,127
1285,慈惠醫護管理專科學校,D 日,5 Associate,5123
1285,慈惠醫護管理專科學校,N 修,2 Associate,306
1286,耕莘健康管理專科學校,D 日,5 Associate,5129
1286,耕莘健康管理專科學校,N 修,2 Associate,88
1287,敏惠醫護管理專科學校,D 日,5 Associate,3858
1288,高美醫護管理專科學校,D 日,5 Associate,483
1288,高美醫護管理專科學校,N 修,2 Associate,107
1289,育英醫護管理專科學校,D 日,5 Associate,1969
1290,崇仁醫護管理專科學校,D 日,5 Associate,3503
1291,聖母醫護管理專科學校,D 日,5 Associate,3155
1292,新生醫護管理專科學校,D 日,5 Associate,5937
1292,新生醫護管理專科學校,N 修,2 Associate,87
3002,臺北市立大學,D 日,Doctor,228
3002,臺北市立大學,D 日,Master,1193
3002,臺北市立大學,D 日,Bachelor,5276
3002,臺北市立大學,N 職,Master,978
